2025-11-06 22:20:09,2142,19.9,59,3.8,B
2025-11-06 22:35:28,2095,20.0,51,3.8
2025-11-06 22:50:48,2047,20.1,51,3.8
2025-11-06 23:06:07,2009,20.2,51,3.8
2025-11-06 23:21:27,1978,20.3,51,3.8
2025-11-06 23:34:02,1985,20.2,52,3.9,B
2025-11-06 23:36:58,1982,20.2,51,3.9,B
2025-11-06 23:52:14,1942,20.2,51,3.8
2025-11-12 03:19:15,5101,17.2,59,3.5,B
2025-11-12 03:34:43,1264,18.2,55,3.8
2025-11-12 03:50:13,1289,18.6,55,3.9
2025-11-12 04:05:46,1235,18.8,54,3.9
2025-11-12 04:21:18,1213,19.0,54,3.9
2025-11-12 04:36:51,1190,19.1,55,4.0
2025-11-12 04:52:24,1207,19.2,55,4.1
2025-11-12 05:07:57,1155,19.1,55,4.1
2025-11-12 05:23:28,1171,19.1,55,4.2
2025-11-12 05:38:56,1213,18.9,55,4.2
2025-11-12 05:54:22,1197,18.6,55,4.2
2025-11-12 06:09:47,1172,18.5,56,4.2
2025-11-12 06:25:10,1155,18.3,56,4.2
2025-11-12 06:40:33,1118,18.1,56,4.2
2025-11-12 06:55:54,1081,18.1,56,4.2
2025-11-12 07:11:16,1042,18.0,56,4.2
2025-11-12 07:26:37,1016,17.9,56,4.2
2025-11-12 07:41:59,992,17.9,56,4.2
2025-11-12 07:57:20,973,17.9,56,4.2
2025-11-12 08:12:42,950,17.9,56,4.2
2025-11-12 08:28:04,940,17.9,55,4.2
2025-11-12 08:43:25,931,17.9,55,4.2
2025-11-12 08:58:47,916,17.9,55,4.2
2025-11-12 09:14:09,920,17.9,55,4.2
2025-11-12 09:29:31,921,17.8,55,4.2
2025-11-12 09:44:53,912,17.8,55,4.2
2025-11-12 10:00:14,953,17.9,55,4.2
2025-11-12 10:15:35,1062,17.9,55,4.2
2025-11-12 10:30:57,1039,17.9,55,4.2
2025-11-12 10:46:18,1043,17.9,55,4.2
2025-11-12 11:01:40,1031,17.9,55,4.2
2025-11-12 11:17:01,1010,17.8,54,4.2
2025-11-12 11:32:22,994,17.8,54,4.2
2025-11-12 11:47:44,992,17.9,54,4.2
2025-11-12 12:03:06,985,17.8,54,4.2
2025-11-12 12:18:28,975,17.8,54,4.2
2025-11-12 12:33:49,959,17.8,54,4.2
2025-11-12 12:49:10,955,17.8,54,4.2
2025-11-12 13:04:32,962,17.8,54,4.2
2025-11-12 13:19:53,956,17.8,54,4.2
2025-11-12 13:35:15,950,17.8,54,4.2
2025-11-12 13:50:37,944,17.9,54,4.2
2025-11-12 14:05:58,1522,17.9,56,4.2
2025-11-12 14:21:20,1361,18.0,58,4.2
2025-11-12 14:36:42,1204,18.0,56,4.2
2025-11-12 14:52:04,1149,18.0,55,4.2
2025-11-12 15:07:25,1140,17.9,55,4.2
2025-11-12 15:22:47,1103,17.9,55,4.2
2025-11-12 15:38:09,1064,17.9,55,4.2
2025-11-12 15:53:31,1103,17.9,55,4.2
2025-11-12 16:08:53,1150,17.9,55,4.2
2025-11-12 16:24:15,1155,17.9,55,4.2
2025-11-12 16:39:36,1190,17.9,55,4.2
2025-11-12 16:54:58,1194,18.0,55,4.2
2025-11-12 17:10:20,1213,18.0,56,4.2
2025-11-12 17:25:42,1231,18.0,56,4.2
2025-11-12 17:41:05,1199,18.1,56,4.2
2025-11-12 17:56:27,1222,18.1,56,4.2
2025-11-12 18:11:49,1245,18.2,56,4.2
2025-11-12 18:27:11,1232,18.2,56,4.2
2025-11-12 18:42:33,1226,18.2,56,4.2
2025-11-12 18:57:55,1236,18.2,56,4.2
2025-11-12 19:13:18,1216,18.2,56,4.2
2025-11-12 19:28:40,1197,18.2,56,4.2
2025-11-12 19:44:02,1153,18.2,56,4.2
2025-11-12 19:59:24,1132,18.2,56,4.2
2025-11-12 20:14:47,1084,18.2,55,4.2
2025-11-12 20:30:09,1074,18.2,55,4.2
2025-11-12 20:45:31,1111,18.3,56,4.2
2025-11-12 21:00:53,1182,18.3,56,4.2
2025-11-12 21:16:15,1169,18.3,56,4.2
2025-11-12 21:31:38,1151,18.2,56,4.2
2025-11-12 21:47:00,1088,18.2,56,4.2
2025-11-12 22:02:22,1057,18.1,55,4.2
2025-11-12 22:17:44,1039,18.1,55,4.2
2025-11-12 22:33:06,1013,18.0,55,4.2
2025-11-12 22:48:28,989,18.0,55,4.2
2025-11-12 23:03:50,1169,18.1,56,4.2
2025-11-12 23:19:12,1328,18.1,56,4.2
2025-11-12 23:34:34,1199,18.1,56,4.2
2025-11-12 23:49:56,1143,18.1,55,4.2
2025-11-13 00:05:18,1130,18.1,55,4.2
2025-11-13 00:20:40,1129,18.1,55,4.2
2025-11-13 00:36:02,1083,18.1,55,4.2
2025-11-13 00:51:25,1038,18.0,55,4.2
2025-11-13 01:06:47,1000,18.0,55,4.2
2025-11-13 01:22:09,935,18.0,54,4.2
2025-11-13 01:37:30,1029,18.0,54,4.2
2025-11-13 01:52:52,913,18.0,54,4.2
2025-11-13 02:08:14,896,17.9,54,4.2
2025-11-13 02:23:35,844,17.9,54,4.2
2025-11-13 02:38:57,832,17.9,54,4.2
2025-11-13 02:54:18,790,17.9,54,4.2
2025-11-13 03:09:39,781,17.9,54,4.2
2025-11-13 03:25:01,771,17.8,54,4.2
2025-11-13 03:40:22,798,17.9,55,4.2
2025-11-13 03:55:44,831,18.0,56,4.2
2025-11-13 04:11:06,891,18.0,58,4.2
2025-11-13 04:26:27,855,18.1,57,4.2
2025-11-13 04:41:49,847,18.1,57,4.2
2025-11-13 04:57:11,868,18.1,57,4.2
2025-11-13 05:12:33,1024,18.2,58,4.2
2025-11-13 05:27:56,978,18.2,57,4.2
2025-11-13 05:43:18,959,18.2,57,4.2
2025-11-13 05:58:40,944,18.1,57,4.2
2025-11-13 06:14:02,940,18.1,56,4.2
2025-11-13 06:29:24,968,18.1,56,4.2
2025-11-13 06:44:45,964,18.1,56,4.2
2025-11-13 07:00:07,976,18.1,56,4.2
2025-11-13 07:15:29,972,18.0,56,4.2
2025-11-13 07:30:51,1004,18.1,56,4.2
2025-11-13 07:46:13,997,18.0,56,4.2
2025-11-13 08:01:35,993,18.0,56,4.2
2025-11-13 08:16:57,983,18.0,56,4.2
2025-11-13 08:32:19,983,18.0,56,4.2
2025-11-13 08:47:41,986,17.9,56,4.2
2025-11-13 09:03:03,970,17.9,56,4.2
2025-11-13 09:18:24,986,17.9,56,4.1
2025-11-13 09:33:46,971,17.9,55,4.2
2025-11-13 09:49:08,966,17.9,55,4.2
2025-11-13 10:04:30,955,17.9,55,4.2
2025-11-13 10:19:52,955,17.8,55,4.2
2025-11-13 10:35:13,948,17.8,55,4.2
2025-11-13 10:50:35,941,17.8,55,4.2
2025-11-13 11:05:57,926,17.8,55,4.2
2025-11-13 11:21:19,918,17.8,55,4.2
2025-11-13 11:36:41,910,17.8,55,4.2
2025-11-13 11:52:02,907,17.8,55,4.2
2025-11-13 12:07:23,886,17.7,55,4.2
2025-11-13 12:22:45,886,17.7,55,4.2
2025-11-13 12:38:06,893,17.7,55,4.2
2025-11-13 12:53:28,894,17.7,55,4.2
2025-11-13 13:08:49,888,17.7,55,4.2
2025-11-13 13:24:11,858,17.7,55,4.1
2025-11-13 13:39:33,867,17.7,55,4.2
2025-11-13 13:54:54,862,17.7,55,4.2
2025-11-13 14:10:15,858,17.7,55,4.2
2025-11-13 14:25:36,879,17.7,55,4.2
2025-11-13 14:40:57,874,17.7,55,4.2
2025-11-13 14:56:19,859,17.6,55,4.2
2025-11-13 15:11:40,951,17.7,55,4.2
2025-11-13 15:27:02,946,17.7,55,4.2
2025-11-13 15:42:23,1017,17.7,55,4.1
2025-11-13 15:57:45,930,17.6,55,4.1
2025-11-13 16:13:06,898,17.6,54,4.2
2025-11-13 16:28:27,1015,17.7,54,4.1
2025-11-13 16:43:49,1064,17.7,55,4.2
2025-11-13 16:59:10,1008,17.7,55,4.2
2025-11-13 17:14:32,961,17.7,55,4.2
2025-11-13 17:29:53,933,17.7,54,4.1
2025-11-13 17:45:15,912,17.8,54,4.2
2025-11-13 18:00:37,870,17.8,54,4.2
2025-11-13 18:15:58,841,17.8,54,4.1
2025-11-13 18:31:20,817,17.9,54,4.2
2025-11-13 18:46:42,794,17.9,54,4.1
2025-11-13 19:02:04,764,17.9,54,4.2
2025-11-13 19:17:25,748,17.9,54,4.2
2025-11-13 19:32:47,740,17.9,54,4.1
2025-11-13 19:48:09,753,17.9,54,4.1
2025-11-13 20:03:30,734,17.8,54,4.2
2025-11-13 20:18:52,718,17.8,54,4.1
2025-11-13 20:34:13,704,17.7,54,4.2
2025-11-13 20:49:35,686,17.7,53,4.2
2025-11-13 21:04:57,693,17.7,53,4.2
2025-11-13 21:20:18,775,17.7,54,4.2
2025-11-13 21:35:40,728,17.7,54,4.2
2025-11-13 21:51:01,718,17.7,54,4.1
2025-11-13 22:06:23,700,17.7,54,4.2
2025-11-13 22:21:44,706,17.7,54,4.2
2025-11-13 22:37:05,694,17.7,54,4.2
2025-11-13 22:52:27,708,17.7,54,4.1
2025-11-13 23:07:48,707,17.6,54,4.2
2025-11-13 23:23:10,705,17.6,53,4.2
2025-11-13 23:38:32,718,17.6,54,4.2
2025-11-13 23:53:53,720,17.6,53,4.2
2025-11-14 00:09:14,721,17.6,53,4.1
2025-11-14 00:24:35,725,17.6,53,4.1
2025-11-14 00:39:57,725,17.6,53,4.2
2025-11-14 00:55:18,738,17.6,53,4.2
2025-11-14 01:10:40,742,17.6,53,4.1
2025-11-14 01:26:01,749,17.6,53,4.2
2025-11-14 01:41:22,780,17.6,54,4.2
2025-11-14 01:56:43,778,17.7,54,4.2
2025-11-14 02:12:05,769,17.7,54,4.1
2025-11-14 02:27:26,760,17.7,54,4.1
2025-11-14 02:42:47,765,17.7,54,4.1
2025-11-14 02:58:09,839,17.7,54,4.1
2025-11-14 03:13:30,796,17.7,54,4.2
2025-11-14 03:28:52,795,17.7,54,4.2
2025-11-14 03:44:13,802,17.7,54,4.1
2025-11-14 03:59:35,789,17.7,53,4.1
2025-11-14 04:14:56,821,17.7,53,4.2
2025-11-14 04:30:17,1316,17.8,56,4.1
2025-11-14 04:45:39,1151,17.8,55,4.1
2025-11-14 05:01:01,1114,17.8,55,4.2
2025-11-14 05:16:22,1093,17.8,55,4.2
2025-11-14 05:31:44,1010,17.8,54,4.1
2025-11-14 05:47:05,984,17.8,54,4.1
2025-11-14 06:02:27,961,17.8,54,4.2
2025-11-14 06:17:49,933,17.8,54,4.1
2025-11-14 06:33:11,900,17.8,54,4.1
2025-11-14 06:48:33,884,17.9,54,4.1
2025-11-14 07:03:55,870,17.8,53,4.2
2025-11-14 07:19:16,860,17.8,53,4.1
2025-11-14 07:34:38,849,17.8,53,4.1
2025-11-14 07:50:00,845,17.8,53,4.2
2025-11-14 08:05:22,825,17.8,53,4.1
2025-11-14 08:20:44,831,17.7,53,4.1
2025-11-14 08:36:05,828,17.7,53,4.1
2025-11-14 08:51:27,824,17.7,53,4.1
2025-11-14 09:06:49,838,17.7,53,4.1
2025-11-14 09:22:10,823,17.7,53,4.1
2025-11-14 09:37:32,824,17.6,53,4.1
2025-11-14 09:52:54,833,17.6,53,4.1
2025-11-14 10:08:15,847,17.6,53,4.1
2025-11-14 10:23:37,846,17.6,53,4.1
2025-11-14 10:38:58,846,17.6,53,4.1
2025-11-14 10:54:19,844,17.6,53,4.1
2025-11-14 11:09:41,836,17.6,53,4.1
2025-11-14 11:25:02,839,17.6,53,4.1
2025-11-14 11:40:23,832,17.6,53,4.1
2025-11-14 11:55:44,840,17.6,53,4.1
2025-11-14 12:11:06,830,17.6,53,4.1
2025-11-14 12:26:27,828,17.6,52,4.1
2025-11-14 12:41:47,822,17.5,52,4.2
2025-11-14 12:57:09,954,17.5,53,4.1
2025-11-14 13:12:30,869,17.5,53,4.1
2025-11-14 13:27:51,864,17.5,52,4.1
2025-11-14 13:43:13,857,17.5,52,4.1
2025-11-14 13:58:34,848,17.4,52,4.1
2025-11-14 14:13:55,848,17.4,52,4.1
2025-11-14 14:29:16,837,17.4,52,4.1
2025-11-14 14:44:37,831,17.4,52,4.1
2025-11-14 14:59:59,838,17.4,52,4.1
2025-11-14 15:15:20,829,17.5,53,4.1
2025-11-14 15:30:41,852,17.5,55,4.1
2025-11-14 15:46:02,852,17.5,55,4.1
2025-11-14 16:01:23,858,17.5,55,4.1
2025-11-14 16:16:44,873,17.6,55,4.1
2025-11-14 16:32:05,1013,17.6,55,4.1
2025-11-14 16:47:26,967,17.6,55,4.1
2025-11-14 17:02:48,953,17.6,55,4.1
2025-11-14 17:18:09,923,17.7,55,4.1
2025-11-14 17:33:31,912,17.7,55,4.1
2025-11-14 17:48:52,893,17.7,54,4.1
2025-11-14 18:04:13,924,17.8,55,4.1
2025-11-14 18:19:35,1046,17.8,56,4.1
2025-11-14 18:34:56,995,17.9,57,4.1
2025-11-14 18:50:18,976,17.9,56,4.1
2025-11-14 19:05:40,949,17.9,55,4.1
2025-11-14 19:21:02,931,17.9,55,4.1
2025-11-14 19:36:24,899,17.9,55,4.1
2025-11-14 19:51:46,872,17.9,55,4.1
2025-11-14 20:07:08,827,17.9,54,4.2
2025-11-14 20:22:29,810,17.9,54,4.1
2025-11-14 20:37:51,791,17.9,54,4.1
2025-11-14 20:53:12,769,17.8,54,4.1
2025-11-14 21:08:34,750,17.9,54,4.1
2025-11-14 21:23:55,738,17.8,54,4.1
2025-11-14 21:39:16,716,17.9,54,4.1
2025-11-14 21:54:38,716,17.9,54,4.1
2025-11-14 22:09:59,705,17.9,53,4.1
2025-11-14 22:25:21,709,17.9,53,4.1
2025-11-14 22:40:43,716,17.9,53,4.1
2025-11-14 22:56:05,728,17.9,53,4.1
2025-11-14 23:11:27,712,17.8,53,4.1
2025-11-14 23:26:48,681,17.8,53,4.1
2025-11-14 23:42:10,671,17.8,53,4.1
2025-11-14 23:57:32,659,17.8,52,4.1
2025-11-15 00:12:53,650,17.7,52,4.1
2025-11-15 00:28:15,642,17.7,52,4.1
2025-11-15 00:43:37,630,17.7,52,4.1
2025-11-15 00:58:59,613,17.6,52,4.1
2025-11-15 01:14:20,615,17.6,52,4.1
2025-11-15 01:29:41,603,17.6,52,4.1
2025-11-15 01:45:02,607,17.5,52,4.1
2025-11-15 02:00:24,608,17.6,53,4.1
2025-11-15 02:15:46,617,17.6,53,4.1
2025-11-15 02:31:07,610,17.6,53,4.1
2025-11-15 02:46:29,631,17.6,53,4.1
2025-11-15 03:01:51,660,17.7,54,4.1
2025-11-15 03:17:12,691,17.7,55,4.1
2025-11-15 03:32:34,700,17.8,54,4.1
2025-11-15 03:47:56,748,17.8,54,4.1
2025-11-15 04:03:18,770,17.8,54,4.1
2025-11-15 04:18:40,773,17.8,54,4.1
2025-11-15 04:34:02,738,17.8,53,4.1
2025-11-15 04:49:23,771,17.8,53,4.1
2025-11-15 05:04:46,848,17.8,53,4.1
2025-11-15 05:20:08,831,17.9,53,4.1
2025-11-15 05:35:29,800,17.9,53,4.1
2025-11-15 05:50:51,797,18.0,54,4.1
2025-11-15 06:06:13,803,18.0,54,4.1
2025-11-15 06:21:35,819,18.1,55,4.1
2025-11-15 06:36:57,861,18.1,58,4.1
2025-11-15 06:52:20,868,18.2,58,4.1
2025-11-15 07:07:42,852,18.1,58,4.1
2025-11-15 07:23:04,840,18.1,58,4.1
2025-11-15 07:38:26,856,18.1,58,4.1
2025-11-15 07:53:48,849,18.1,57,4.1
2025-11-15 08:09:11,850,18.1,57,4.1
2025-11-15 08:24:33,857,18.1,57,4.1
2025-11-15 08:39:55,865,18.0,56,4.1
2025-11-15 08:55:17,875,18.0,56,4.1
2025-11-15 09:10:39,870,18.0,56,4.1
2025-11-15 09:26:00,855,17.9,55,4.1
2025-11-15 09:41:22,847,17.9,55,4.1
2025-11-15 09:56:43,832,17.9,55,4.1
2025-11-15 10:12:05,850,17.8,55,4.1
2025-11-15 10:27:27,851,17.8,55,4.1
2025-11-15 10:42:49,850,17.8,55,4.1
2025-11-15 10:58:11,863,17.8,55,4.1
2025-11-15 11:13:33,873,17.8,55,4.1
2025-11-15 11:28:55,877,17.8,54,4.1
2025-11-15 11:44:17,889,17.7,54,4.1
2025-11-15 11:59:39,898,17.7,54,4.1
2025-11-15 12:15:01,902,17.7,54,4.1
2025-11-15 12:30:23,901,17.7,54,4.1
2025-11-15 12:45:44,894,17.7,54,4.1
2025-11-15 13:01:06,894,17.7,54,4.1
2025-11-15 13:16:28,893,17.7,53,4.1
2025-11-15 13:31:49,883,17.7,53,4.1
2025-11-15 13:47:11,883,17.7,53,4.1
2025-11-15 14:02:32,898,17.7,53,4.1
2025-11-15 14:17:53,888,17.7,53,4.1
2025-11-15 14:33:15,886,17.7,53,4.1
2025-11-15 14:48:36,871,17.7,53,4.1
2025-11-15 15:03:58,876,17.7,53,4.1
2025-11-15 15:19:19,876,17.7,53,4.1
2025-11-15 15:34:41,875,17.7,53,4.1
2025-11-15 15:50:03,882,17.7,52,4.1
2025-11-15 16:05:25,882,17.7,52,4.1
2025-11-15 16:20:46,899,17.7,53,4.1
2025-11-15 16:36:08,911,17.7,53,4.1
2025-11-15 16:51:30,914,17.7,53,4.1
2025-11-15 17:06:51,927,17.8,53,4.1
2025-11-15 17:22:13,1275,17.9,56,4.1
2025-11-15 17:37:35,1261,18.0,56,4.1
2025-11-15 17:52:57,1244,18.1,56,4.1
2025-11-15 18:08:20,1238,18.2,56,4.1
2025-11-15 18:23:42,1214,18.3,56,4.1
2025-11-15 18:39:05,1195,18.4,57,4.1
2025-11-15 18:54:28,1166,18.4,56,4.1
2025-11-15 19:09:51,1140,18.5,56,4.1
2025-11-15 19:25:14,1115,18.6,56,4.1
2025-11-15 19:40:37,1082,18.6,56,4.1
2025-11-15 19:56:00,1098,18.6,57,4.1
2025-11-15 20:11:24,1098,18.6,57,4.1
2025-11-15 20:26:47,1078,18.7,57,4.1
2025-11-15 20:42:10,1091,18.8,57,4.2
2025-11-15 20:57:36,1088,18.8,57,4.2
2025-11-15 21:13:01,1173,18.9,58,4.2
2025-11-15 21:28:25,1289,18.8,58,4.2
2025-11-15 21:43:49,1316,18.7,59,4.2
2025-11-15 21:59:12,1243,18.6,59,4.2
2025-11-15 22:14:35,1149,18.5,59,4.2
2025-11-15 22:29:57,1088,18.5,59,4.2
2025-11-15 22:45:20,1042,18.4,59,4.2
2025-11-15 23:00:43,1006,18.4,58,4.2
2025-11-15 23:16:05,992,18.3,58,4.2
2025-11-15 23:31:28,1006,18.3,58,4.2
2025-11-15 23:46:51,992,18.2,58,4.2
2025-11-16 00:02:13,968,18.2,58,4.2
2025-11-16 00:17:36,962,18.2,58,4.2
2025-11-16 00:32:58,913,18.1,57,4.2
2025-11-16 00:48:21,864,18.0,57,4.2
2025-11-16 01:03:43,839,18.0,57,4.2
2025-11-16 01:19:05,815,17.9,56,4.2
2025-11-16 01:34:27,777,17.9,56,4.2
2025-11-16 01:49:49,776,17.9,55,4.2
2025-11-16 02:05:11,799,17.9,56,4.2
2025-11-16 02:20:33,859,17.9,58,4.2
2025-11-16 02:35:54,905,18.0,59,4.2
2025-11-16 02:51:16,918,18.0,58,4.2
2025-11-16 03:06:39,912,18.0,57,4.2
2025-11-16 03:22:00,872,17.9,57,4.2
2025-11-16 03:37:22,867,17.9,56,4.2
2025-11-16 03:52:44,819,17.9,56,4.2
2025-11-16 04:08:05,815,17.8,56,4.2
2025-11-16 04:23:27,829,17.8,56,4.2
2025-11-16 04:38:49,871,17.9,57,4.2
2025-11-16 04:54:11,899,17.9,58,4.2
2025-11-16 05:09:33,890,17.8,58,4.2
2025-11-16 05:24:54,898,17.8,57,4.2
2025-11-16 05:40:16,906,17.8,57,4.2
2025-11-16 05:55:38,940,17.9,59,4.2
2025-11-16 06:11:00,1084,17.9,61,4.2
2025-11-16 06:26:22,1059,18.0,60,4.2
2025-11-16 06:41:44,1004,18.0,60,4.2
2025-11-16 06:57:06,964,18.0,59,4.2
2025-11-16 07:12:28,951,17.9,59,4.2
2025-11-16 07:27:50,934,17.9,58,4.2
2025-11-16 07:43:12,925,17.9,58,4.2
2025-11-16 07:58:34,897,17.8,58,4.2
2025-11-16 08:13:56,866,17.8,57,4.2
2025-11-16 08:29:18,848,17.8,57,4.2
2025-11-16 08:44:40,830,17.8,56,4.2
2025-11-16 09:00:01,833,17.7,56,4.2
2025-11-16 09:15:23,829,17.7,56,4.2
2025-11-16 09:30:45,827,17.7,56,4.2
2025-11-16 09:46:06,831,17.6,55,4.2
2025-11-16 10:01:27,864,17.6,55,4.2
2025-11-16 10:16:49,861,17.6,55,4.2
2025-11-16 10:32:11,851,17.6,55,4.2
2025-11-16 10:47:33,841,17.6,54,4.2
2025-11-16 11:02:54,839,17.6,54,4.2
2025-11-16 11:18:15,843,17.6,54,4.2
2025-11-16 11:33:36,835,17.6,54,4.2
2025-11-16 11:48:57,841,17.6,54,4.2
2025-11-16 12:04:18,839,17.6,54,4.2
2025-11-16 12:19:40,845,17.6,54,4.2
2025-11-16 12:35:01,840,17.6,53,4.2
2025-11-16 12:50:23,846,17.6,53,4.2
2025-11-16 13:05:44,872,17.5,53,4.2
2025-11-16 13:21:05,899,17.5,53,4.2
2025-11-16 13:36:26,902,17.5,53,4.2
2025-11-16 13:51:48,902,17.5,53,4.2
2025-11-16 14:07:09,896,17.5,53,4.2
2025-11-16 14:22:30,890,17.4,53,4.2
2025-11-16 14:37:52,883,17.4,53,4.2
2025-11-16 14:53:13,988,17.4,53,4.2
2025-11-16 15:08:34,1172,17.5,55,4.2
2025-11-16 15:23:55,1175,17.6,55,4.2
2025-11-16 15:39:16,1180,17.6,56,4.2
2025-11-16 15:54:38,1208,17.7,56,4.2
2025-11-16 16:09:59,1149,17.7,56,4.2
2025-11-16 16:25:22,1049,17.8,56,4.2
2025-11-16 16:40:44,1076,17.8,56,4.2
2025-11-16 16:56:06,1140,17.8,56,4.2
2025-11-16 17:11:28,1114,17.7,56,4.2
2025-11-16 17:26:50,1085,17.7,55,4.2
2025-11-16 17:42:12,1072,17.7,56,4.2
2025-11-16 17:57:34,1015,17.6,55,4.2
2025-11-16 18:12:55,949,17.6,55,4.2
2025-11-16 18:28:17,909,17.6,55,4.2
2025-11-16 18:43:38,853,17.6,55,4.2
2025-11-16 18:58:59,817,17.6,55,4.2
2025-11-16 19:14:21,783,17.5,55,4.2
2025-11-16 19:29:42,749,17.5,55,4.2
2025-11-16 19:45:04,721,17.5,54,4.2
2025-11-16 20:00:25,688,17.5,54,4.2
2025-11-16 20:15:47,665,17.4,54,4.2
2025-11-16 20:31:08,645,17.4,54,4.2
2025-11-16 20:46:29,619,17.3,53,4.2
2025-11-16 21:01:51,597,17.3,53,4.2
2025-11-16 21:17:12,580,17.3,53,4.2
2025-11-16 21:32:33,575,17.3,53,4.2
2025-11-16 21:47:54,559,17.2,53,4.2
2025-11-16 22:03:15,550,17.2,53,4.2
2025-11-16 22:18:35,544,17.2,53,4.2
2025-11-16 22:33:56,534,17.2,52,4.2
2025-11-16 22:49:17,521,17.1,52,4.2
2025-11-16 23:04:38,516,17.1,52,4.2
2025-11-16 23:19:59,507,17.0,52,4.2
2025-11-16 23:35:20,506,17.0,52,4.2
2025-11-16 23:50:40,501,16.9,52,4.2
2025-11-17 00:06:01,484,16.9,52,4.2
2025-11-17 00:21:21,485,16.8,52,4.2
2025-11-17 00:36:41,483,16.8,51,4.2
2025-11-17 00:52:01,483,16.8,51,4.2
2025-11-17 01:07:21,481,16.7,51,4.2
2025-11-17 01:22:41,484,16.7,51,4.2
2025-11-17 01:38:01,478,16.7,51,4.2
2025-11-17 01:53:21,473,16.7,51,4.2
2025-11-17 02:08:40,460,16.6,51,4.2
2025-11-17 02:24:00,455,16.6,51,4.2
2025-11-17 02:39:20,464,16.6,51,4.2
2025-11-17 02:54:39,463,16.6,51,4.2
2025-11-17 03:09:58,483,16.6,51,4.2
2025-11-17 03:25:18,512,16.7,51,4.2
2025-11-17 03:40:38,545,16.7,51,4.2
2025-11-17 03:55:57,560,16.7,51,4.2
2025-11-17 04:11:17,632,16.7,51,4.2
2025-11-17 04:26:37,648,16.8,51,4.2
2025-11-17 04:41:57,653,16.8,51,4.2
2025-11-17 04:57:17,613,16.9,51,4.2
2025-11-17 05:12:37,618,16.9,51,4.2
2025-11-17 05:27:57,605,17.0,51,4.2
2025-11-17 05:43:17,596,17.0,51,4.2
2025-11-17 05:58:37,620,17.1,52,4.2
2025-11-17 06:13:58,723,17.2,53,4.2
2025-11-17 06:29:18,812,17.3,54,4.2
2025-11-17 06:44:39,755,17.3,54,4.2
2025-11-17 06:59:59,757,17.3,54,4.2
2025-11-17 07:15:20,741,17.3,54,4.2
2025-11-17 07:30:41,739,17.3,54,4.2
2025-11-17 07:46:02,742,17.3,54,4.2
2025-11-17 08:01:23,742,17.3,54,4.2
2025-11-17 08:16:43,736,17.2,54,4.2
2025-11-17 08:32:03,725,17.2,54,4.2
2025-11-17 08:47:24,730,17.2,53,4.2
2025-11-17 09:02:45,724,17.2,53,4.2
2025-11-17 09:18:06,708,17.1,53,4.2
2025-11-17 09:33:26,713,17.1,53,4.2
2025-11-17 09:48:47,708,17.0,53,4.2
2025-11-17 10:04:07,732,17.0,52,4.2
2025-11-17 10:19:28,707,17.0,52,4.2
2025-11-17 10:34:48,697,17.0,52,4.2
2025-11-17 10:50:08,676,16.9,52,4.2
2025-11-17 11:05:28,671,16.9,52,4.2
2025-11-17 11:20:49,668,16.9,52,4.2
2025-11-17 11:36:09,671,16.8,52,4.2
2025-11-17 11:51:29,670,16.8,51,4.2
2025-11-17 12:06:50,666,16.8,51,4.2
2025-11-17 12:22:10,669,16.8,51,4.2
2025-11-17 12:37:31,678,16.8,51,4.2
2025-11-17 12:52:51,667,16.7,51,4.2
2025-11-17 13:08:11,660,16.7,51,4.2
2025-11-17 13:23:31,669,16.7,51,4.2
2025-11-17 13:38:52,663,16.7,51,4.2
2025-11-17 13:54:12,662,16.7,51,4.2
2025-11-17 14:09:31,667,16.7,51,4.2
2025-11-17 14:24:51,668,16.7,51,4.2
2025-11-17 14:40:11,664,16.6,50,4.2
2025-11-17 14:55:31,645,16.6,50,4.2
2025-11-17 15:10:52,649,16.6,50,4.2
2025-11-17 15:26:12,869,16.6,51,4.2
2025-11-17 15:41:32,995,16.7,54,4.2
2025-11-17 15:56:52,947,16.8,54,4.2
2025-11-17 16:12:13,922,16.8,54,4.2
2025-11-17 16:27:33,891,16.8,54,4.2
2025-11-17 16:42:53,881,16.9,53,4.2
2025-11-17 16:58:14,857,16.9,53,4.2
2025-11-17 17:13:34,838,16.9,53,4.2
2025-11-17 17:28:54,868,16.9,53,4.2
2025-11-17 17:44:15,870,17.0,52,4.2
2025-11-17 17:59:35,921,17.0,53,4.2
2025-11-17 18:14:55,1056,17.1,53,4.2
2025-11-17 18:30:16,1011,17.1,53,4.2
2025-11-17 18:45:37,980,17.1,53,4.2
2025-11-17 19:00:57,945,17.1,53,4.2
2025-11-17 19:16:18,949,17.1,53,4.2
2025-11-17 19:31:39,913,17.1,52,4.2
2025-11-17 19:46:59,889,17.1,52,4.2
2025-11-17 20:02:19,873,17.1,52,4.2
2025-11-17 20:17:39,1192,17.2,53,4.2
2025-11-17 20:33:00,1063,17.2,53,4.2
2025-11-17 20:48:21,1069,17.3,53,4.2
2025-11-17 21:03:42,1132,17.3,54,4.2
2025-11-17 21:19:03,1070,17.3,54,4.2
2025-11-17 21:34:24,1092,17.3,54,4.2
2025-11-17 21:49:45,1064,17.3,54,4.2
2025-11-17 22:05:06,1021,17.4,54,4.2
2025-11-17 22:20:27,1001,17.4,53,4.2
2025-11-17 22:35:48,977,17.4,53,4.2
2025-11-17 22:51:10,958,17.4,53,4.2
2025-11-17 23:06:31,982,17.3,53,4.2
2025-11-17 23:21:52,1096,17.3,54,4.2
2025-11-17 23:37:13,1036,17.4,53,4.2
2025-11-17 23:52:35,1003,17.3,53,4.2
2025-11-18 00:07:56,988,17.3,53,4.2
2025-11-18 00:23:17,969,17.3,53,4.2
2025-11-18 00:38:38,958,17.2,53,4.2
2025-11-18 00:53:59,941,17.2,53,4.2
2025-11-18 01:09:19,929,17.2,53,4.2
2025-11-18 01:24:40,912,17.2,53,4.2
2025-11-18 01:40:01,908,17.2,52,4.2
2025-11-18 01:55:22,886,17.2,52,4.2
2025-11-18 02:10:43,1124,17.2,54,4.1
2025-11-18 02:26:03,1262,17.4,56,4.1
2025-11-18 02:41:24,1396,17.5,56,4.1
2025-11-18 02:56:45,1507,17.7,58,4.1
2025-11-18 03:12:06,1520,17.8,59,4.1
2025-11-18 03:27:27,1379,17.8,57,4.1
2025-11-18 03:42:49,1295,17.8,56,4.1
2025-11-18 03:58:10,1186,17.8,55,4.1
2025-11-18 04:13:32,1118,17.7,54,4.1
2025-11-18 04:28:52,1063,17.8,53,4.1
2025-11-18 04:44:14,1027,18.1,53,4.1
2025-11-18 04:59:36,997,18.1,55,4.1
2025-11-18 05:14:57,993,18.1,56,4.1
2025-11-18 05:30:19,938,18.1,55,4.1
2025-11-18 05:45:41,900,18.0,55,4.1
2025-11-18 06:01:03,881,18.0,55,4.1
2025-11-18 06:16:24,885,17.9,55,4.1
2025-11-18 06:31:46,862,17.9,54,4.1
2025-11-18 06:47:07,839,17.9,54,4.1
2025-11-18 07:02:29,832,17.9,54,4.0
2025-11-18 07:17:51,829,17.8,53,4.0
2025-11-18 07:33:12,859,17.8,53,4.0
2025-11-18 07:48:34,844,17.7,53,4.0
2025-11-18 08:03:55,818,17.7,53,4.0
2025-11-18 08:19:17,816,17.6,53,4.0
2025-11-18 08:34:38,797,17.6,53,4.0
2025-11-18 08:49:58,782,17.6,53,4.0
2025-11-18 09:05:19,768,17.5,52,4.0
2025-11-18 09:20:41,754,17.5,52,4.0
2025-11-18 09:36:01,742,17.5,52,4.0
2025-11-18 09:51:22,728,17.4,52,4.0
2025-11-18 10:06:43,725,17.4,52,4.0
2025-11-18 10:22:04,724,17.4,52,4.0
2025-11-18 10:37:25,728,17.3,52,4.0
2025-11-18 10:52:45,740,17.3,52,4.0
2025-11-18 11:08:06,767,17.3,51,4.0
2025-11-18 11:23:26,777,17.3,51,4.0
2025-11-18 11:38:47,782,17.3,51,3.9
2025-11-18 11:54:08,782,17.3,51,4.0
2025-11-18 12:09:29,784,17.3,51,4.0
2025-11-18 12:24:49,793,17.3,51,4.0
2025-11-18 12:40:10,785,17.2,51,3.9
2025-11-18 12:55:31,776,17.2,51,3.9
2025-11-18 13:10:51,781,17.2,51,3.9
2025-11-18 13:26:11,781,17.2,51,3.9
2025-11-18 13:41:32,791,17.2,51,3.9
2025-11-18 13:56:53,778,17.2,51,3.9
2025-11-18 14:12:13,774,17.2,51,3.9
2025-11-18 14:27:34,1069,17.2,52,3.9
2025-11-18 14:42:54,988,17.2,51,3.9
2025-11-18 14:58:15,936,17.2,51,3.9
2025-11-18 15:13:36,955,17.2,51,3.9
2025-11-18 15:28:56,926,17.2,51,3.9
2025-11-18 15:44:17,897,17.1,51,3.9
2025-11-18 15:59:38,867,17.2,51,3.9
2025-11-18 16:14:59,850,17.2,51,3.9
2025-11-18 16:30:19,876,17.2,51,3.9
2025-11-18 16:45:40,1019,17.3,52,3.9
2025-11-18 17:01:01,1057,17.4,52,3.9
2025-11-18 17:16:22,1017,17.4,53,3.9
2025-11-18 17:31:43,961,17.5,53,3.9
2025-11-18 17:47:04,952,17.5,53,3.9
2025-11-18 18:02:25,920,17.6,53,3.9
2025-11-18 18:17:46,919,17.6,53,3.9
2025-11-18 18:33:08,840,17.7,52,3.9
2025-11-18 18:48:30,825,17.8,52,3.9
2025-11-18 19:03:51,807,17.9,52,3.8
2025-11-18 19:19:13,824,18.1,52,3.8
2025-11-18 19:34:36,827,18.3,51,3.9
2025-11-18 19:49:58,813,18.4,51,3.8
2025-11-18 20:05:21,793,18.6,50,3.8
2025-11-18 20:20:45,780,18.7,50,3.8
2025-11-18 20:36:08,759,18.8,49,3.8
2025-11-18 20:51:32,747,18.9,49,3.8
2025-11-18 21:06:55,763,19.0,50,3.8
2025-11-18 21:22:18,788,19.0,50,3.8
2025-11-18 21:37:42,808,19.2,49,3.8
2025-11-18 21:53:06,822,19.2,48,3.8
2025-11-18 22:08:30,832,19.3,48,3.8
2025-11-18 22:23:54,830,19.3,48,3.8
2025-11-18 22:39:18,789,19.2,48,3.8
2025-11-18 22:54:42,789,19.2,49,3.8
2025-11-18 23:10:06,774,19.2,49,3.8
2025-11-18 23:25:29,779,19.2,49,3.8
2025-11-18 23:40:53,826,19.1,49,3.8
2025-11-18 23:56:17,824,19.1,49,3.8
2025-11-19 00:11:41,811,19.0,50,3.8
2025-11-19 00:27:05,889,18.9,49,3.8
2025-11-19 00:42:28,852,18.8,49,3.8
2025-11-19 00:57:52,829,18.7,49,3.8
2025-11-19 01:13:15,818,18.7,49,3.8
2025-11-19 01:28:39,808,18.6,49,3.8
2025-11-19 01:44:02,786,18.5,49,3.8
2025-11-19 01:59:25,779,18.5,49,3.8
2025-11-19 02:14:48,771,18.5,48,3.8
2025-11-19 02:30:10,767,18.5,48,3.8
2025-11-19 02:45:33,741,18.4,48,3.8
2025-11-19 03:00:57,759,18.5,48,3.8
2025-11-19 03:16:20,769,18.5,50,3.8
2025-11-19 03:31:43,782,18.6,53,3.8
2025-11-19 03:47:06,790,18.6,57,3.8
2025-11-19 04:02:29,810,18.6,56,3.8
2025-11-19 04:17:52,817,18.6,55,3.8
2025-11-19 04:33:15,828,18.6,54,3.8
2025-11-19 04:48:39,863,18.6,54,3.8
2025-11-19 05:04:02,871,18.6,54,3.8
2025-11-19 05:19:25,845,18.6,54,3.8
2025-11-19 05:34:49,827,18.6,53,3.8
2025-11-19 05:50:12,800,18.6,53,3.8
2025-11-19 06:05:35,794,18.6,53,3.8
2025-11-19 06:20:59,812,18.6,52,3.8
2025-11-19 06:36:22,848,18.6,53,3.8
2025-11-19 06:51:46,868,18.6,53,3.8
2025-11-19 07:07:09,845,18.6,53,3.8
2025-11-19 07:22:32,834,18.5,53,3.8
2025-11-19 07:37:55,804,18.5,53,3.8
2025-11-19 07:53:18,800,18.5,52,3.8
2025-11-19 08:08:41,781,18.4,52,3.8
2025-11-19 08:24:04,759,18.4,52,3.8
2025-11-19 08:39:28,756,18.4,51,3.8
2025-11-19 08:54:51,768,18.4,51,3.8
2025-11-19 09:10:14,756,18.4,51,3.8
2025-11-19 09:25:36,749,18.3,51,3.8
2025-11-19 09:40:59,752,18.3,51,3.8
2025-11-19 09:56:22,771,18.3,51,3.8
2025-11-19 10:11:45,774,18.3,50,3.8
2025-11-19 10:27:08,759,18.3,50,3.8
2025-11-19 10:42:31,752,18.3,50,3.8
2025-11-19 10:57:53,749,18.3,50,3.8
2025-11-19 11:13:16,803,18.3,50,3.7
2025-11-19 11:28:38,766,18.3,50,3.8
2025-11-19 11:44:01,759,18.3,50,3.7
2025-11-19 11:59:24,753,18.3,49,3.8
2025-11-19 12:14:46,750,18.3,49,3.8
2025-11-19 12:30:09,746,18.3,49,3.7
2025-11-19 12:45:31,741,18.3,49,3.7
2025-11-19 13:00:54,735,18.3,49,3.7
2025-11-19 13:16:16,735,18.3,48,3.7
2025-11-19 13:31:39,732,18.3,48,3.7
2025-11-19 13:47:01,726,18.3,48,3.7
2025-11-19 14:02:24,744,18.4,48,3.7
2025-11-19 14:17:47,750,18.4,48,3.7
2025-11-19 14:33:09,910,18.4,48,3.7
2025-11-19 14:48:32,993,18.4,49,3.7
2025-11-19 15:03:55,968,18.4,49,3.7
2025-11-19 15:19:18,963,18.4,49,3.7
2025-11-19 15:34:41,950,18.4,49,3.7
2025-11-19 15:50:04,940,18.5,49,3.7
2025-11-19 16:05:27,924,18.5,49,3.7
2025-11-19 16:20:51,939,18.5,49,3.7
2025-11-19 16:36:14,986,18.6,49,3.7
2025-11-19 16:51:37,956,18.6,49,3.7
2025-11-19 17:07:00,965,18.6,49,3.7
2025-11-19 17:22:23,953,18.6,49,3.7
2025-11-19 17:37:46,946,18.7,48,3.7
2025-11-19 17:53:09,928,18.7,48,3.6
2025-11-19 18:08:32,900,18.7,48,3.6
2025-11-19 18:23:55,950,18.7,48,3.6
2025-11-19 18:39:18,927,18.7,48,3.6
2025-11-19 18:54:41,927,18.6,48,3.5
2025-11-19 19:10:04,913,18.6,48,3.5
2025-11-19 19:25:27,895,18.6,48,3.5
2025-11-07 15:26:33,4233,16.0,51,3.6,B
2025-11-07 15:42:00,834,17.3,47,3.8
2025-11-07 15:57:31,821,17.7,46,3.9
2025-11-07 16:13:03,850,18.2,46,3.9
2025-11-07 16:28:36,882,18.3,45,4.0
2025-11-07 16:44:09,1073,18.4,48,4.0
2025-11-07 16:59:28,1048,20.2,49,4.1
2025-11-07 17:13:37,415,19.0,35,4.0
2025-11-07 17:28:58,682,11.5,56,4.0
2025-11-10 12:05:39,3621,16.8,47,3.5,B
2025-12-03 12:19:04,633,19.8,44,3.8
2025-12-03 12:34:39,630,20.5,45,3.9
2025-12-03 12:50:16,659,21.0,43,3.9
2025-12-03 13:05:53,638,21.3,37,3.9
2025-12-03 13:21:31,645,21.6,37,4.0
2025-12-03 13:37:09,624,21.7,36,4.1
2025-12-03 13:52:47,646,21.7,36,4.1
2025-12-03 14:08:24,802,21.7,38,4.1
2025-12-03 14:23:57,805,21.5,39,4.2
2025-12-03 14:39:29,767,21.3,37,4.2
2025-12-03 14:55:00,732,20.9,38,4.2
2025-12-03 15:10:29,723,20.8,39,4.2
2025-12-03 15:25:57,811,20.6,40,4.2
2025-12-03 15:41:25,680,20.5,38,4.2
2025-12-03 15:56:52,616,20.3,37,4.2
2025-12-03 16:12:19,659,20.3,37,4.2
2025-12-03 16:27:46,752,20.3,39,4.2
2025-12-03 16:43:13,748,20.2,39,4.2
2025-12-03 16:58:40,768,20.2,39,4.2
2025-12-03 17:14:07,860,20.4,41,4.2
2025-12-03 17:29:34,903,20.7,40,4.2
2025-12-03 17:45:01,831,20.3,39,4.2
2025-12-03 18:00:29,829,20.3,40,4.2
2025-12-03 18:15:56,833,20.4,42,4.2
2025-12-03 18:31:23,842,20.4,42,4.2
2025-12-03 18:46:50,865,20.4,42,4.2
2025-12-03 19:02:17,876,20.4,42,4.2
2025-12-03 19:17:44,887,20.4,43,4.2
2025-12-03 19:33:11,928,20.4,43,4.2
2025-12-03 19:48:39,933,20.4,43,4.2
2025-12-03 20:04:06,919,20.5,43,4.2
2025-12-03 20:19:33,910,20.4,43,4.2
2025-12-03 20:34:59,900,20.4,42,4.2
2025-12-03 20:50:27,896,20.4,42,4.2
2025-12-03 21:05:54,882,20.3,42,4.2
2025-12-03 21:21:21,872,20.3,42,4.2
2025-12-03 21:36:48,865,20.3,42,4.2
2025-12-03 21:52:15,861,20.3,42,4.2
2025-12-03 22:07:42,850,20.3,41,4.2
2025-12-03 22:23:09,845,20.2,42,4.2
2025-12-03 22:38:36,819,20.2,43,4.2
2025-12-03 22:54:03,814,20.2,41,4.2
2025-12-03 23:09:29,805,20.1,41,4.2
2025-12-03 23:24:55,787,20.1,41,4.2
2025-12-03 23:40:22,779,20.1,41,4.2
2025-12-03 23:55:48,769,20.0,41,4.2
2025-12-04 00:11:15,762,20.0,41,4.2
2025-12-04 00:26:42,749,20.0,42,4.2
2025-12-04 00:42:08,752,20.0,41,4.2
2025-12-04 00:57:35,737,19.9,41,4.2
2025-12-04 01:13:01,744,19.9,41,4.2
2025-12-04 01:28:27,736,19.9,41,4.2
2025-12-04 01:43:53,738,19.9,42,4.2
2025-12-04 01:59:19,737,19.8,42,4.2
2025-12-04 02:14:45,727,19.9,41,4.2
2025-12-04 02:30:11,734,19.8,43,4.2
2025-12-04 02:45:37,732,19.8,41,4.2
2025-12-04 03:01:03,727,19.8,42,4.2
2025-12-04 03:16:29,731,19.8,42,4.2
2025-12-04 03:31:56,727,19.8,41,4.2
2025-12-04 03:47:22,725,19.8,43,4.2
2025-12-04 04:02:48,738,19.8,42,4.2
2025-12-04 04:18:15,729,19.7,41,4.2
2025-12-04 04:33:41,732,19.7,43,4.2
2025-12-04 04:49:07,727,19.7,42,4.2
2025-12-04 05:04:34,721,19.7,42,4.2
2025-12-04 05:20:00,719,19.7,43,4.2
2025-12-04 05:35:26,717,19.8,42,4.2
2025-12-04 05:50:52,733,19.8,41,4.2
2025-12-04 06:06:18,732,19.8,41,4.2
2025-12-04 06:21:44,731,19.8,41,4.2
2025-12-04 06:37:10,724,19.8,41,4.2
2025-12-04 06:52:36,710,19.9,40,4.2
2025-12-04 07:08:03,723,19.9,40,4.2
2025-12-04 07:23:29,708,19.9,42,4.2
2025-12-04 07:38:55,708,19.9,42,4.2
2025-12-04 07:54:21,708,20.1,41,4.2
2025-12-04 08:09:48,837,20.3,41,4.2
2025-12-04 08:25:15,825,20.4,40,4.2
2025-12-04 08:40:43,805,20.5,38,4.2
2025-12-04 08:56:10,765,20.2,40,4.2
2025-12-04 09:11:37,748,20.1,40,4.2
2025-12-04 09:27:04,723,20.1,40,4.2
2025-12-04 09:42:31,698,20.1,39,4.2
2025-12-04 09:57:58,711,20.1,39,4.2
2025-12-04 10:13:25,679,20.1,39,4.2
2025-12-04 10:28:52,657,20.1,40,4.2
2025-12-04 10:44:19,636,20.1,39,4.2
2025-12-04 10:59:46,602,20.1,39,4.2
2025-12-04 11:15:13,589,20.1,39,4.2
2025-12-04 11:30:39,577,20.0,38,4.2
2025-12-04 11:46:06,562,20.0,38,4.2
2025-12-04 12:01:33,576,19.8,37,4.2
2025-12-04 12:17:00,609,19.9,37,4.2
2025-12-04 12:32:27,612,20.0,38,4.2
2025-12-04 12:47:54,667,20.0,38,4.2
2025-12-04 13:03:20,684,20.0,38,4.2
2025-12-04 13:18:46,702,19.9,39,4.2
2025-12-04 13:34:13,715,19.9,38,4.2
2025-12-04 13:49:40,695,19.9,39,4.2
2025-12-04 14:05:06,732,19.9,38,4.2
2025-12-04 14:20:33,720,19.9,39,4.2
2025-12-04 14:35:59,724,19.9,39,4.2
2025-12-04 14:51:26,740,19.9,38,4.2
2025-12-04 15:06:52,749,20.4,36,4.2
2025-12-04 15:22:20,743,20.7,35,4.2
2025-12-04 15:37:47,745,20.9,35,4.2
2025-12-04 15:53:15,772,21.1,34,4.2
2025-12-04 16:08:43,764,21.1,34,4.2
2025-12-04 16:24:11,741,20.8,34,4.2
2025-12-04 16:39:39,700,20.6,34,4.2
2025-12-04 16:55:07,677,20.4,33,4.2
2025-12-04 17:10:34,712,20.7,34,4.2
2025-12-04 17:26:02,738,20.9,35,4.2
2025-12-04 17:41:30,790,21.2,35,4.2
2025-12-04 17:56:58,833,21.3,36,4.2
2025-12-04 18:12:27,804,21.5,35,4.2
2025-12-04 18:27:56,776,21.4,36,4.2
2025-12-04 18:43:24,764,21.0,37,4.2
2025-12-04 18:58:53,807,20.7,38,4.2
2025-12-04 19:14:21,790,20.7,38,4.2
2025-12-04 19:29:49,783,20.6,38,4.2
2025-12-04 19:45:16,765,20.5,36,4.2
2025-12-04 20:00:44,775,20.5,37,4.2
2025-12-04 20:16:12,713,20.3,36,4.2
2025-12-04 20:31:40,728,20.1,36,4.2
2025-12-04 20:47:07,726,19.9,35,4.2
2025-12-04 21:02:33,700,19.8,35,4.2
2025-12-04 21:17:59,708,19.7,35,4.2
2025-12-04 21:33:25,743,19.6,36,4.2
2025-12-04 21:48:51,732,19.5,36,4.2
2025-12-04 22:04:17,732,19.3,36,4.2
2025-12-04 22:19:43,732,19.3,36,4.2
2025-12-04 22:35:08,725,19.2,35,4.2
2025-12-04 22:50:34,713,19.1,36,4.2
2025-12-04 23:05:58,704,19.0,36,4.2
2025-12-04 23:21:23,694,18.9,36,4.2
2025-12-04 23:36:47,688,18.8,35,4.2
2025-12-04 23:52:11,676,18.7,36,4.2
2025-12-05 00:07:35,670,18.6,36,4.2
2025-12-05 00:23:00,664,18.5,36,4.2
2025-12-05 00:38:24,671,18.5,36,4.2
2025-12-05 00:53:48,660,18.4,36,4.2
2025-12-05 01:09:11,653,18.4,36,4.2
2025-12-05 01:24:35,655,18.3,36,4.2
2025-12-05 01:39:59,640,18.2,36,4.2
2025-12-05 01:55:23,631,18.2,36,4.2
2025-12-05 02:10:47,637,18.1,36,4.2
2025-12-05 02:26:10,626,18.0,36,4.2
2025-12-05 02:41:34,625,18.0,36,4.2
2025-12-05 02:56:57,625,17.9,36,4.2
2025-12-05 03:12:20,618,17.9,36,4.2
2025-12-05 03:27:43,624,17.8,36,4.2
2025-12-05 03:43:06,621,17.8,35,4.2
2025-12-05 03:58:29,626,17.7,35,4.2
2025-12-05 04:13:52,618,17.7,36,4.2
2025-12-05 04:29:14,615,17.7,35,4.2
2025-12-05 04:44:37,626,17.7,35,4.2
2025-12-05 05:00:00,614,17.7,35,4.2
2025-12-05 05:15:22,622,17.6,35,4.2
2025-12-05 05:30:45,618,17.6,35,4.2
2025-12-05 05:46:08,597,18.5,34,4.2
2025-12-05 06:01:31,606,18.8,33,4.2
2025-12-05 06:16:55,603,18.9,33,4.2
2025-12-05 06:32:19,694,19.2,33,4.2
2025-12-05 06:47:44,736,19.4,34,4.2
2025-12-05 07:03:09,732,19.4,34,4.2
2025-12-05 07:18:34,761,19.8,33,4.2
2025-12-05 07:34:00,722,19.8,32,4.2
2025-12-05 07:49:26,732,19.7,35,4.2
2025-12-05 08:04:52,747,19.5,33,4.2
2025-12-05 08:20:17,722,19.7,34,4.2
2025-12-05 08:35:43,674,19.9,33,4.2
2025-12-05 08:51:09,666,20.1,34,4.2
2025-12-05 09:06:36,640,20.0,34,4.2
2025-12-05 09:22:02,637,19.9,34,4.2
2025-12-05 09:37:28,637,19.9,34,4.2
2025-12-05 09:52:54,621,19.9,34,4.2
2025-12-05 10:08:20,610,20.1,34,4.2
2025-12-05 10:23:47,629,20.4,33,4.2
2025-12-05 10:39:14,618,20.1,34,4.2
2025-12-05 10:54:40,615,20.0,34,4.2
2025-12-05 11:10:07,603,20.0,33,4.2
2025-12-05 11:25:33,600,20.0,33,4.2
2025-12-05 11:40:59,595,20.1,33,4.2
2025-12-05 11:56:26,592,20.2,33,4.2
2025-12-05 12:11:53,587,20.1,34,4.2
2025-12-05 12:27:19,588,20.1,34,4.2
2025-12-05 12:42:46,586,20.1,34,4.2
2025-12-05 12:58:12,577,20.1,34,4.2
2025-12-05 13:13:38,634,20.2,34,4.2
2025-12-05 13:29:05,602,20.1,34,4.2
2025-12-05 13:44:32,628,20.6,33,4.2
2025-12-05 13:59:59,615,20.7,34,4.2
2025-12-05 14:15:26,610,20.8,34,4.2
2025-12-05 14:30:53,604,20.9,33,4.2
2025-12-05 14:46:21,617,21.0,34,4.2
2025-12-05 15:01:49,606,21.1,33,4.2
2025-12-05 15:17:16,601,21.1,33,4.2
2025-12-05 15:32:44,582,21.1,33,4.2
2025-12-05 15:48:11,575,21.1,33,4.2
2025-12-05 16:03:39,551,21.0,31,4.2
2025-12-05 16:19:06,664,21.3,33,4.2
2025-12-05 16:34:34,711,21.2,33,4.2
2025-12-05 16:50:02,748,21.3,34,4.2
2025-12-05 17:05:30,754,21.3,33,4.2
2025-12-05 17:20:58,764,21.3,34,4.2
2025-12-05 17:36:27,849,21.4,35,4.2
2025-12-05 17:51:55,880,21.4,35,4.2
2025-12-05 18:07:24,866,21.5,35,4.2
2025-12-05 18:22:52,859,21.5,36,4.2
2025-12-05 18:38:20,872,21.5,37,4.2
2025-12-05 18:53:49,854,21.5,37,4.2
2025-12-05 19:09:17,851,21.5,38,4.2
2025-12-05 19:24:46,862,21.4,37,4.2
2025-12-05 19:40:14,865,21.2,36,4.2
2025-12-05 19:55:42,877,21.1,36,4.2
2025-12-05 20:11:10,869,20.9,36,4.2
2025-12-05 20:26:37,865,20.8,36,4.2
2025-12-05 20:42:04,843,20.6,36,4.2
2025-12-05 20:57:32,824,20.5,36,4.2
2025-12-05 21:12:59,819,20.4,35,4.2
2025-12-05 21:28:26,817,20.3,35,4.2
2025-12-05 21:43:53,796,20.2,35,4.2
2025-12-05 21:59:19,794,20.1,35,4.2
2025-12-05 22:14:46,781,20.1,35,4.2
2025-12-05 22:30:12,790,20.0,35,4.1
2025-12-05 22:45:39,778,19.9,36,4.2
2025-12-05 23:01:04,777,19.8,36,4.2
2025-12-05 23:16:30,765,19.8,36,4.2
2025-12-05 23:31:56,769,19.7,36,4.2
2025-12-05 23:47:22,766,19.6,36,4.2
2025-12-06 00:02:48,767,19.6,36,4.2
2025-12-06 00:18:13,770,19.5,36,4.2
2025-12-06 00:33:38,762,19.5,36,4.2
2025-12-06 00:49:04,747,19.4,36,4.2
2025-12-06 01:04:28,746,19.4,36,4.1
2025-12-06 01:19:53,753,19.4,36,4.2
2025-12-06 01:35:18,737,19.3,36,4.1
2025-12-06 01:50:43,749,19.3,36,4.1
2025-12-06 02:06:08,735,19.3,36,4.2
2025-12-06 02:21:33,729,19.2,36,4.2
2025-12-06 02:36:58,725,19.2,36,4.2
2025-12-06 02:52:23,728,19.2,36,4.2
2025-12-06 03:07:48,721,19.2,36,4.2
2025-12-06 03:23:13,717,19.1,36,4.2
2025-12-06 03:38:38,721,19.1,36,4.2
2025-12-06 03:54:03,714,19.1,36,4.2
2025-12-06 04:09:28,725,19.1,36,4.2
2025-12-06 04:24:52,716,19.0,36,4.2
2025-12-06 04:40:17,721,19.0,36,4.2
2025-12-06 04:55:41,716,19.0,36,4.1
2025-12-06 05:11:06,713,19.0,36,4.2
2025-12-06 05:26:30,723,18.9,36,4.2
2025-12-06 05:41:55,715,19.0,36,4.2
2025-12-06 05:57:20,721,18.9,36,4.2
2025-12-06 06:12:44,706,19.4,34,4.2
2025-12-06 06:28:09,772,19.7,35,4.2
2025-12-06 06:43:34,734,20.1,35,4.2
2025-12-06 06:59:00,744,20.6,34,4.2
2025-12-06 07:14:26,798,20.9,34,4.1
2025-12-06 07:29:53,817,21.1,34,4.1
2025-12-06 07:45:21,813,21.3,35,4.1
2025-12-06 08:00:50,812,21.4,35,4.2
2025-12-06 08:16:18,818,21.5,35,4.2
2025-12-06 08:31:46,875,21.5,36,4.1
2025-12-06 08:47:15,859,21.6,35,4.2
2025-12-06 09:02:43,914,21.8,36,4.2
2025-12-06 09:18:12,941,21.8,37,4.2
2025-12-06 09:33:41,999,21.9,36,4.2
2025-12-06 09:49:10,841,21.9,36,4.2
2025-12-06 10:04:39,855,21.9,35,4.2
2025-12-06 10:20:07,916,21.9,35,4.2
2025-12-06 10:35:36,943,22.0,36,4.1
2025-12-06 10:51:05,994,22.1,36,4.1
2025-12-06 11:06:35,892,22.2,36,4.2
2025-12-06 11:22:04,855,22.2,35,4.2
2025-12-06 11:37:33,796,22.2,35,4.1
2025-12-06 11:53:03,913,22.2,35,4.2
2025-12-06 12:08:33,848,22.2,35,4.2
2025-12-06 12:24:02,832,22.2,35,4.2
2025-12-06 12:39:32,838,22.2,35,4.2
2025-12-06 12:55:01,897,22.3,36,4.2
2025-12-06 13:10:30,857,22.2,35,4.2
2025-12-06 13:26:00,854,22.2,35,4.1
2025-12-06 13:41:29,796,22.2,36,4.1
2025-12-06 13:56:59,871,22.2,36,4.1
2025-12-06 14:12:28,830,22.3,37,4.1
2025-12-06 14:27:58,825,22.3,36,4.1
2025-12-06 14:43:27,961,22.3,36,4.1
2025-12-06 14:58:57,957,22.2,37,4.2
2025-12-06 15:14:26,958,22.1,38,4.1
2025-12-06 15:29:55,967,21.6,38,4.1
2025-12-06 15:45:24,909,21.4,37,4.1
2025-12-06 16:00:52,843,21.3,37,4.2
2025-12-06 16:16:20,821,21.2,37,4.1
2025-12-06 16:31:48,795,21.2,37,4.1
2025-12-06 16:47:16,858,21.4,38,4.1
2025-12-06 17:02:45,887,21.5,38,4.1
2025-12-06 17:18:13,932,21.7,39,4.2
2025-12-06 17:33:42,925,21.8,38,4.1
2025-12-06 17:49:11,857,21.9,39,4.2
2025-12-06 18:04:40,836,21.8,38,4.2
2025-12-06 18:20:09,827,21.9,37,4.1
2025-12-06 18:35:39,828,22.0,37,4.1
2025-12-06 18:51:08,890,21.7,37,4.2
2025-12-06 19:06:37,883,21.5,37,4.1
2025-12-06 19:22:06,891,21.4,38,4.1
2025-12-06 19:37:34,892,21.4,38,4.2
2025-12-06 19:53:03,930,21.3,39,4.2
2025-12-06 20:08:31,934,21.3,40,4.1
2025-12-06 20:23:59,935,21.3,41,4.1
2025-12-06 20:39:27,941,21.3,41,4.1
2025-12-06 20:54:55,928,21.2,41,4.1
2025-12-06 21:10:23,908,21.2,42,4.1
2025-12-06 21:25:52,892,21.1,42,4.1
2025-12-06 21:41:20,869,21.1,41,4.1
2025-12-06 21:56:48,853,21.0,40,4.2
2025-12-06 22:12:16,830,21.0,39,4.1
2025-12-06 22:27:44,838,20.9,39,4.1
2025-12-06 22:43:12,829,20.8,39,4.1
2025-12-06 22:58:39,814,20.7,38,4.2
2025-12-06 23:14:07,810,20.7,38,4.1
2025-12-06 23:29:34,799,20.7,38,4.1
2025-12-06 23:45:02,790,20.7,38,4.1
2025-12-07 00:00:29,776,20.6,37,4.1
2025-12-07 00:15:57,771,20.6,37,4.1
2025-12-07 00:31:24,762,20.5,37,4.1
2025-12-07 00:46:51,754,20.5,37,4.1
2025-12-07 01:02:18,753,20.4,37,4.1
2025-12-07 01:17:45,748,20.4,37,4.1
2025-12-07 01:33:12,741,20.3,37,4.1
2025-12-07 01:48:39,736,20.3,37,4.1
2025-12-07 02:04:05,733,20.2,37,4.1
2025-12-07 02:19:32,718,20.2,36,4.1
2025-12-07 02:34:59,714,20.1,36,4.1
2025-12-07 02:50:25,712,20.1,36,4.1
2025-12-07 03:05:52,696,20.0,36,4.1
2025-12-07 03:21:19,700,20.0,36,4.1
2025-12-07 03:36:45,696,19.9,36,4.1
2025-12-07 03:52:11,694,19.8,36,4.1
2025-12-07 04:07:37,689,19.8,36,4.1
2025-12-07 04:23:03,685,19.7,36,4.1
2025-12-07 04:38:29,678,19.7,36,4.1
2025-12-07 04:53:54,681,19.6,36,4.1
2025-12-07 05:09:20,679,19.5,36,4.1
2025-12-07 05:24:45,675,19.5,36,4.1
2025-12-07 05:40:11,679,19.4,36,4.1
2025-12-07 05:55:36,677,19.4,36,4.1
2025-12-07 06:11:01,680,19.8,34,4.2
2025-12-07 06:26:26,675,20.0,34,4.1
2025-12-07 06:41:52,671,20.1,34,4.1
2025-12-07 06:57:18,752,20.3,35,4.1
2025-12-07 07:12:45,751,20.6,35,4.1
2025-12-07 07:28:12,733,20.7,33,4.1
2025-12-07 07:43:39,736,20.7,34,4.1
2025-12-07 07:59:06,731,20.7,33,4.1
2025-12-07 08:14:33,722,20.7,32,4.1
2025-12-07 08:30:00,760,20.6,33,4.1
2025-12-07 08:45:27,755,20.5,34,4.1
2025-12-07 09:00:54,763,21.0,35,4.1
2025-12-07 09:16:21,836,21.4,36,4.1
2025-12-07 09:31:49,828,21.6,36,4.1
2025-12-07 09:47:17,843,21.9,37,4.1
2025-12-07 10:02:46,811,22.1,36,4.1
2025-12-07 10:18:15,809,22.1,36,4.1
2025-12-07 10:33:45,779,22.0,35,4.1
2025-12-07 10:49:14,732,22.0,34,4.1
2025-12-07 11:04:43,728,21.9,33,4.2
2025-12-07 11:20:12,711,22.0,32,4.1
2025-12-07 11:35:41,728,22.0,34,4.1
2025-12-07 11:51:11,728,22.0,34,4.1
2025-12-07 12:06:40,768,22.0,32,4.1
2025-12-07 12:22:09,888,21.9,35,4.1
2025-12-07 12:37:39,832,22.1,35,4.1
2025-12-07 12:53:09,843,22.4,34,4.1
2025-12-07 13:08:39,842,22.3,33,4.1
2025-12-07 13:24:09,827,22.6,33,4.1
2025-12-07 13:39:40,821,22.9,33,4.1
2025-12-07 13:55:11,824,23.1,33,4.1
2025-12-07 14:10:42,826,23.2,33,4.1
2025-12-07 14:26:14,892,23.5,34,4.1
2025-12-07 14:41:46,875,23.7,34,4.1
2025-12-07 14:57:18,869,23.6,34,4.1
2025-12-07 15:12:50,875,23.5,34,4.1
2025-12-07 15:28:22,849,23.3,34,4.1
2025-12-07 15:43:54,838,23.2,34,4.1
2025-12-07 15:59:25,834,23.0,34,4.1
2025-12-07 16:14:56,881,22.8,34,4.1
2025-12-07 16:30:26,931,22.5,35,4.1
2025-12-07 16:45:57,927,22.3,36,4.1
2025-12-07 17:01:27,919,22.0,35,4.1
2025-12-07 17:16:56,1014,21.9,37,4.1
2025-12-07 17:32:26,1014,21.8,38,4.1
2025-12-07 17:47:55,998,21.7,36,4.1
2025-12-07 18:03:24,985,21.6,36,4.1
2025-12-07 18:18:52,902,21.4,34,4.1
2025-12-07 18:34:20,964,21.3,36,4.1
2025-12-07 18:49:49,921,21.1,35,4.1
2025-12-07 19:05:17,949,21.1,36,4.1
2025-12-07 19:20:45,980,21.1,35,4.1
2025-12-07 19:36:13,951,21.2,35,4.1
2025-12-07 19:51:41,969,21.0,36,4.1
2025-12-07 20:07:08,969,20.8,36,4.1
2025-12-07 20:22:36,917,20.6,36,4.1
2025-12-07 20:38:03,907,20.4,36,4.1
2025-12-07 20:53:30,900,20.3,36,4.1
2025-12-07 21:08:57,882,20.2,36,4.1
2025-12-07 21:24:24,882,20.1,36,4.1
2025-12-07 21:39:50,865,19.9,36,4.1
2025-12-07 21:55:16,851,19.9,36,4.1
2025-12-07 22:10:42,841,19.8,36,4.1
2025-12-07 22:26:07,821,19.7,36,4.1
2025-12-07 22:41:33,808,19.6,36,4.1
2025-12-07 22:56:58,792,19.5,36,4.1
2025-12-07 23:12:23,778,19.4,36,4.1
2025-12-07 23:27:48,772,19.4,36,4.1
2025-12-07 23:43:14,763,19.3,36,4.1
2025-12-07 23:58:38,758,19.2,36,4.1
2025-12-08 00:14:03,757,19.2,36,4.1
2025-12-08 00:29:28,741,19.1,36,4.1
2025-12-08 00:44:52,734,19.1,36,4.1
2025-12-08 01:00:17,723,19.0,36,4.1
2025-12-08 01:15:41,716,19.0,36,4.1
2025-12-08 01:31:06,719,19.0,36,4.1
2025-12-08 01:46:30,713,18.9,36,4.1
2025-12-08 02:01:54,703,18.9,36,4.1
2025-12-08 02:17:18,698,18.8,36,4.1
2025-12-08 02:32:42,700,18.8,36,4.1
2025-12-08 02:48:06,697,18.7,36,4.1
2025-12-08 03:03:30,691,18.7,36,4.1
2025-12-08 03:18:54,682,18.7,35,4.1
2025-12-08 03:34:17,680,18.6,35,4.1
2025-12-08 03:49:41,671,18.5,35,4.1
2025-12-08 04:05:04,662,18.5,35,4.1
2025-12-08 04:20:28,666,18.5,35,4.1
2025-12-08 04:35:51,664,18.4,35,4.1
2025-12-08 04:51:14,661,18.4,35,4.1
2025-12-08 05:06:38,648,18.3,34,4.1
2025-12-08 05:22:01,634,18.3,34,4.1
2025-12-08 05:37:25,622,18.7,33,4.1
2025-12-08 05:52:49,631,19.0,33,4.1
2025-12-08 06:08:13,641,19.2,33,4.1
2025-12-08 06:23:37,638,19.3,33,4.1
2025-12-08 06:39:02,712,19.8,32,4.1
2025-12-08 06:54:28,704,20.0,32,4.1
2025-12-08 07:09:53,715,20.0,32,4.1
2025-12-08 07:25:19,686,19.9,32,4.1
2025-12-08 07:40:44,660,19.9,31,4.1
2025-12-08 07:56:10,642,19.8,32,4.1
2025-12-08 08:11:36,632,19.9,32,4.1
2025-12-08 08:27:02,614,20.0,32,4.1
2025-12-08 08:42:27,633,20.5,33,4.1
2025-12-08 08:57:54,649,20.6,31,4.1
2025-12-08 09:13:20,645,20.7,32,4.1
2025-12-08 09:28:48,627,20.7,32,4.1
2025-12-08 09:44:15,616,20.7,31,4.1
2025-12-08 09:59:42,592,20.9,31,4.1
2025-12-08 10:15:09,571,21.0,31,4.1
2025-12-08 10:30:37,553,21.1,30,4.1
2025-12-08 10:46:04,544,21.2,31,4.1
2025-12-08 11:01:31,538,21.0,31,4.1
2025-12-08 11:16:59,534,21.0,31,4.1
2025-12-08 11:32:26,517,21.0,31,4.1
2025-12-08 11:47:54,511,21.0,31,4.1
2025-12-08 12:03:21,529,20.9,31,4.1
2025-12-08 12:18:49,531,21.0,31,4.1
2025-12-08 12:34:16,540,20.8,31,4.1
2025-12-08 12:49:44,524,20.7,31,4.1
2025-12-08 13:05:11,517,20.6,31,4.1
2025-12-08 13:20:39,523,20.7,31,4.1
2025-12-08 13:36:06,521,20.7,31,4.1
2025-12-08 13:51:34,528,20.8,31,4.1
2025-12-08 14:07:02,526,20.8,31,4.1
2025-12-08 14:22:30,524,20.8,31,4.1
2025-12-08 14:37:57,554,21.4,30,4.1
2025-12-08 14:53:25,564,21.2,30,4.1
2025-12-08 15:08:53,575,21.2,30,4.1
2025-12-08 15:24:21,639,21.3,30,4.1
2025-12-08 15:39:49,655,21.3,31,4.1
2025-12-08 15:55:18,657,21.4,30,4.1
2025-12-08 16:10:46,660,21.4,31,4.1
2025-12-08 16:26:15,650,21.3,30,4.1
2025-12-08 16:41:43,621,21.2,30,4.1
2025-12-08 16:57:11,591,21.3,30,4.1
2025-12-08 17:12:39,676,21.0,30,4.1
2025-12-08 17:28:06,699,21.2,31,4.1
2025-12-08 17:43:34,758,21.4,32,4.1
2025-12-08 17:59:02,764,21.4,31,4.1
2025-12-08 18:14:30,841,21.5,32,4.1
2025-12-08 18:29:59,843,21.4,31,4.1
2025-12-08 18:45:27,828,21.4,31,4.1
2025-12-08 19:00:56,776,21.3,32,4.1
2025-12-08 19:16:23,821,21.2,32,4.1
2025-12-08 19:31:51,839,21.1,32,4.1
2025-12-08 19:47:19,823,21.1,33,4.1
2025-12-08 20:02:47,813,21.1,32,4.1
2025-12-08 20:18:15,783,20.5,32,4.1
2025-12-08 20:33:42,807,20.1,33,4.1
2025-12-08 20:49:09,793,19.9,33,4.1
2025-12-08 21:04:35,788,19.6,33,4.2
2025-12-08 21:20:02,782,19.6,33,4.2
2025-12-08 21:35:29,779,19.5,33,4.2
2025-12-08 21:50:56,771,19.3,33,4.2
2025-12-08 22:06:21,750,19.1,33,4.2
2025-12-08 22:21:46,746,19.0,33,4.2
2025-12-08 22:37:11,740,18.8,33,4.2
2025-12-08 22:52:35,728,18.7,33,4.2
2025-12-08 23:07:59,719,18.6,33,4.2
2025-12-08 23:23:23,716,18.5,33,4.2
2025-12-08 23:38:46,703,18.4,33,4.2
2025-12-08 23:54:10,701,18.3,33,4.2
2025-12-09 00:09:33,688,18.2,33,4.2
2025-12-09 00:24:56,681,18.1,33,4.2
2025-12-09 00:40:19,660,18.0,33,4.2
2025-12-09 00:55:42,672,17.9,33,4.2
2025-12-09 01:11:06,668,17.9,33,4.2
2025-12-09 01:26:29,662,17.8,33,4.2
2025-12-09 01:41:52,659,17.7,33,4.2
2025-12-09 01:57:15,663,17.7,33,4.2
2025-12-09 02:12:37,657,17.6,33,4.2
2025-12-09 02:27:59,652,17.6,33,4.2
2025-12-09 02:43:21,646,17.5,33,4.2
2025-12-09 02:58:43,641,17.4,33,4.2
2025-12-09 03:14:06,632,17.4,33,4.2
2025-12-09 03:29:28,631,17.5,33,4.2
2025-12-09 03:44:49,630,17.5,33,4.2
2025-12-09 04:00:11,625,17.4,32,4.2
2025-12-09 04:15:33,622,17.4,32,4.2
2025-12-09 04:30:55,621,17.4,32,4.2
2025-12-09 04:46:17,622,17.4,32,4.2
2025-12-09 05:01:38,621,17.4,31,4.2
2025-12-09 05:17:00,605,17.4,31,4.2
2025-12-09 05:32:22,603,17.6,31,4.2
2025-12-09 05:47:45,600,18.7,30,4.2
2025-12-09 06:03:09,622,19.2,30,4.2
2025-12-09 06:18:33,625,19.4,29,4.2
2025-12-09 06:33:58,650,19.6,30,4.2
2025-12-09 06:49:24,730,19.6,31,4.2
2025-12-09 07:04:49,781,19.6,31,4.2
2025-12-09 07:20:14,770,19.6,30,4.2
2025-12-09 07:35:40,725,19.5,31,4.2
2025-12-09 07:51:05,680,19.6,31,4.2
2025-12-09 08:06:31,665,19.6,31,4.2
2025-12-09 08:21:56,659,19.7,32,4.2
2025-12-09 08:37:21,643,19.8,31,4.2
2025-12-09 08:52:47,632,19.8,31,4.2
2025-12-09 09:08:13,622,19.7,31,4.2
2025-12-09 09:23:39,621,19.7,31,4.2
2025-12-09 09:39:04,616,19.7,31,4.2
2025-12-09 09:54:30,601,19.7,32,4.2
2025-12-09 10:09:56,594,19.7,33,4.2
2025-12-09 10:25:21,603,19.7,33,4.2
2025-12-09 10:40:47,591,19.8,32,4.2
2025-12-09 10:56:13,597,19.8,33,4.2
2025-12-09 11:11:39,585,19.9,33,4.2
2025-12-09 11:27:04,573,19.9,33,4.2
2025-12-09 11:42:30,554,19.9,33,4.2
2025-12-09 11:57:56,603,19.7,32,4.2
2025-12-09 12:13:22,616,19.9,33,4.2
2025-12-09 12:28:48,593,19.8,33,4.2
2025-12-09 12:44:14,607,19.8,33,4.2
2025-12-09 12:59:40,601,19.8,33,4.2
2025-12-09 13:15:06,619,19.8,33,4.2
2025-12-09 13:30:32,623,19.8,33,4.2
2025-12-09 13:45:58,635,19.9,32,4.2
2025-12-09 14:01:24,630,19.9,32,4.2
2025-12-09 14:16:50,632,20.0,32,4.2
2025-12-09 14:32:16,714,20.6,34,4.2
2025-12-09 14:47:43,729,20.7,33,4.2
2025-12-09 15:03:10,704,20.6,33,4.2
2025-12-09 15:18:37,694,20.6,32,4.2
2025-12-09 15:34:04,693,20.7,32,4.2
2025-12-09 15:49:32,691,20.8,32,4.2
2025-12-09 16:05:00,678,20.9,31,4.2
2025-12-09 16:20:28,654,21.0,31,4.2
2025-12-09 16:35:56,697,21.3,32,4.2
2025-12-09 16:51:24,806,21.5,32,4.2
2025-12-09 17:06:53,832,21.5,34,4.2
2025-12-09 17:22:21,841,21.5,34,4.2
2025-12-09 17:37:50,908,21.5,34,4.2
2025-12-09 17:53:19,916,21.5,34,4.2
2025-12-09 18:08:47,820,21.2,33,4.2
2025-12-09 18:24:16,804,21.1,33,4.2
2025-12-09 18:39:44,797,21.2,33,4.2
2025-12-09 18:55:12,800,21.1,33,4.2
2025-12-09 19:10:41,804,21.2,33,4.2
2025-12-09 19:26:09,802,21.2,33,4.2
2025-12-09 19:41:37,809,21.3,32,4.2
2025-12-09 19:57:05,816,21.3,32,4.2
2025-12-09 20:12:33,800,20.8,32,4.2
2025-12-09 20:28:00,818,20.5,33,4.2
2025-12-09 20:43:27,820,20.3,33,4.2
2025-12-09 20:58:54,816,20.1,34,4.2
2025-12-09 21:14:20,798,19.9,34,4.2
2025-12-09 21:29:46,793,19.8,34,4.2
2025-12-09 21:45:11,784,19.6,34,4.2
2025-12-09 22:00:37,784,19.5,34,4.2
2025-12-09 22:16:02,773,19.4,34,4.2
2025-12-09 22:31:28,780,19.3,34,4.2
2025-12-09 22:46:53,767,19.3,34,4.2
2025-12-09 23:02:18,766,19.2,34,4.2
2025-12-09 23:17:43,750,19.1,34,4.2
2025-12-09 23:33:07,747,19.1,34,4.2
2025-12-09 23:48:31,739,19.0,34,4.2
2025-12-10 00:03:56,737,18.9,34,4.2
2025-12-10 00:19:20,732,18.9,34,4.2
2025-12-10 00:34:44,734,18.8,34,4.2
2025-12-10 00:50:08,722,18.8,34,4.2
2025-12-10 01:05:32,715,18.7,34,4.2
2025-12-10 01:20:56,714,18.7,34,4.2
2025-12-10 01:36:19,705,18.7,34,4.2
2025-12-10 01:51:43,702,18.6,34,4.2
2025-12-10 02:07:07,700,18.6,34,4.2
2025-12-10 02:22:31,688,18.6,34,4.2
2025-12-10 02:37:55,695,18.5,34,4.2
2025-12-10 02:53:19,692,18.5,34,4.2
2025-12-10 03:08:43,700,18.5,35,4.2
2025-12-10 03:24:07,685,18.4,35,4.2
2025-12-10 03:39:30,694,18.4,35,4.2
2025-12-10 03:54:54,682,18.4,35,4.2
2025-12-10 04:10:18,681,18.4,35,4.2
2025-12-10 04:25:41,686,18.4,35,4.2
2025-12-10 04:41:04,688,18.3,35,4.2
2025-12-10 04:56:27,682,18.3,35,4.2
2025-12-10 05:11:51,676,18.3,35,4.2
2025-12-10 05:27:14,671,18.3,34,4.2
2025-12-10 05:42:39,660,19.3,33,4.2
2025-12-10 05:58:04,659,19.8,32,4.2
2025-12-10 06:13:29,661,19.8,32,4.2
2025-12-10 06:28:54,721,20.0,34,4.2
2025-12-10 06:44:20,777,20.1,34,4.2
2025-12-10 06:59:46,769,20.0,33,4.2
2025-12-10 07:15:12,789,20.1,33,4.2
2025-12-10 07:30:38,774,20.1,33,4.2
2025-12-10 07:46:05,756,20.1,33,4.2
2025-12-10 08:01:31,748,20.1,33,4.2
2025-12-10 08:16:57,747,20.1,33,4.2
2025-12-10 08:32:23,751,20.2,33,4.2
2025-12-10 08:47:49,744,20.2,33,4.2
2025-12-10 09:03:15,746,20.2,33,4.2
2025-12-10 09:18:41,728,20.2,33,4.2
2025-12-10 09:34:07,710,20.2,34,4.2
2025-12-10 09:49:34,726,20.2,36,4.2
2025-12-10 10:05:00,723,20.3,37,4.2
2025-12-10 10:20:27,772,20.4,37,4.2
2025-12-10 10:35:53,741,20.6,36,4.2
2025-12-10 10:51:20,708,20.7,35,4.2
2025-12-10 11:06:47,677,20.7,35,4.2
2025-12-10 11:22:15,657,20.7,34,4.2
2025-12-10 11:37:42,671,20.7,35,4.2
2025-12-10 11:53:09,686,20.8,35,4.2
2025-12-10 12:08:37,702,20.8,35,4.2
2025-12-10 12:24:04,699,20.8,35,4.2
2025-12-10 12:39:32,697,20.8,35,4.2
2025-12-10 12:54:59,697,20.8,35,4.2
2025-12-10 13:10:26,696,20.8,34,4.2
2025-12-10 13:25:53,688,20.9,34,4.2
2025-12-10 13:41:21,694,20.9,34,4.2
2025-12-10 13:56:49,691,20.9,34,4.2
2025-12-10 14:12:16,680,20.9,33,4.2
2025-12-10 14:27:44,752,20.9,34,4.2
2025-12-10 14:43:11,763,20.9,35,4.2
2025-12-10 14:58:39,718,20.6,35,4.2
2025-12-10 15:14:06,710,20.4,35,4.2
2025-12-10 15:29:33,728,20.3,35,4.2
2025-12-10 15:44:59,705,20.2,35,4.2
2025-12-10 16:00:26,685,20.2,35,4.2
2025-12-10 16:15:53,650,20.2,34,4.2
2025-12-10 16:31:19,659,20.2,35,4.2
2025-12-10 16:46:46,776,20.5,36,4.2
2025-12-10 17:02:14,824,20.7,37,4.2
2025-12-10 17:17:41,908,20.9,38,4.2
2025-12-10 17:33:09,836,20.9,38,4.2
2025-12-10 17:48:36,850,21.2,39,4.2
2025-12-10 18:04:04,906,21.3,38,4.2
2025-12-10 18:19:32,877,21.4,38,4.2
2025-12-10 18:35:01,895,21.3,38,4.2
2025-12-10 18:50:29,896,21.4,38,4.2
2025-12-10 19:05:57,927,21.5,38,4.2
2025-12-10 19:21:26,927,21.5,38,4.2
2025-12-10 19:36:54,864,21.4,39,4.2
2025-12-10 19:52:22,853,21.2,41,4.2
2025-12-10 20:07:51,862,21.0,40,4.2
2025-12-10 20:23:19,870,20.9,39,4.2
2025-12-10 20:38:46,885,20.8,39,4.2
2025-12-10 20:54:14,884,20.7,38,4.2
2025-12-10 21:09:41,869,20.6,38,4.2
2025-12-10 21:25:08,860,20.5,38,4.2
2025-12-10 21:40:35,854,20.5,38,4.2
2025-12-10 21:56:02,852,20.4,38,4.2
2025-12-10 22:11:29,846,20.4,38,4.2
2025-12-10 22:26:56,845,20.3,38,4.2
2025-12-10 22:42:23,834,20.3,37,4.2
2025-12-10 22:57:49,825,20.2,37,4.2
2025-12-10 23:13:15,820,20.2,37,4.2
2025-12-10 23:28:42,813,20.1,37,4.2
2025-12-10 23:44:08,805,20.1,37,4.2
2025-12-10 23:59:35,799,20.1,37,4.2
2025-12-11 00:15:01,795,20.0,37,4.1
2025-12-11 00:30:28,796,20.0,37,4.2
2025-12-11 00:45:54,787,20.0,37,4.2
2025-12-11 01:01:20,788,20.0,37,4.2
2025-12-11 01:16:45,778,19.9,37,4.2
2025-12-11 01:32:11,776,19.9,37,4.2
2025-12-11 01:47:37,775,19.9,37,4.2
2025-12-11 02:03:03,763,19.9,37,4.2
2025-12-11 02:18:29,763,19.8,37,4.2
2025-12-11 02:33:55,762,19.8,37,4.2
2025-12-11 02:49:21,749,19.8,37,4.2
2025-12-11 03:04:47,756,19.8,37,4.1
2025-12-11 03:20:12,743,19.7,37,4.2
2025-12-11 03:35:38,749,19.8,37,4.2
2025-12-11 03:51:04,748,19.7,37,4.2
2025-12-11 04:06:29,747,19.7,37,4.2
2025-12-11 04:21:54,737,19.7,37,4.2
2025-12-11 04:37:19,746,19.7,37,4.2
2025-12-11 04:52:45,743,19.7,36,4.2
2025-12-11 05:08:10,741,19.7,36,4.2
2025-12-11 05:23:36,743,19.6,36,4.2
2025-12-11 05:39:01,719,20.0,36,4.2
2025-12-11 05:54:27,702,19.9,36,4.2
2025-12-11 06:09:53,694,19.9,35,4.2
2025-12-11 06:25:19,702,20.0,36,4.1
2025-12-11 06:40:45,761,20.1,36,4.1
2025-12-11 06:56:12,840,20.3,36,4.1
2025-12-11 07:11:38,820,20.3,36,4.2
2025-12-11 07:27:05,784,20.4,36,4.2
2025-12-11 07:42:32,765,20.5,36,4.2
2025-12-11 07:57:59,723,20.5,35,4.2
2025-12-11 08:13:26,735,20.4,36,4.2
2025-12-11 08:28:52,737,20.2,36,4.2
2025-12-11 08:44:19,673,20.2,35,4.1
2025-12-11 08:59:46,661,20.2,35,4.1
2025-12-11 09:15:12,666,20.2,35,4.2
2025-12-11 09:30:39,640,20.2,35,4.2
2025-12-11 09:46:05,628,20.2,35,4.2
2025-12-11 10:01:32,616,20.2,35,4.1
2025-12-11 10:16:59,606,20.2,35,4.2
2025-12-11 10:32:25,599,20.1,35,4.1
2025-12-11 10:47:51,619,20.1,35,4.2
2025-12-11 11:03:17,608,20.1,35,4.2
2025-12-11 11:18:43,585,20.2,34,4.1
2025-12-11 11:34:09,582,20.2,34,4.2
2025-12-11 11:49:36,548,20.2,34,4.2
2025-12-11 12:05:02,544,20.2,34,4.2
2025-12-11 12:20:28,524,20.2,33,4.1
2025-12-11 12:35:55,520,20.2,33,4.1
2025-12-11 12:51:21,555,20.3,34,4.2
2025-12-11 13:06:48,555,20.4,35,4.2
2025-12-11 13:22:15,596,20.6,34,4.2
2025-12-11 13:37:43,566,20.6,34,4.2
2025-12-11 13:53:10,559,20.6,34,4.1
2025-12-11 14:08:37,575,20.5,33,4.1
2025-12-11 14:24:04,588,20.5,33,4.1
2025-12-11 14:39:31,615,20.4,34,4.1
2025-12-11 14:54:57,616,20.3,34,4.1
2025-12-11 15:10:24,630,20.3,34,4.1
2025-12-11 15:25:50,623,20.3,34,4.1
2025-12-11 15:41:17,640,20.3,33,4.1
2025-12-11 15:56:44,634,20.3,33,4.2
2025-12-11 16:12:10,604,20.3,33,4.2
2025-12-11 16:27:37,587,20.3,32,4.1
2025-12-11 16:43:04,565,20.3,32,4.1
2025-12-11 16:58:30,658,20.6,36,4.1
2025-12-11 17:13:57,654,20.7,34,4.1
2025-12-11 17:29:25,669,21.0,35,4.1
2025-12-11 17:44:53,738,20.9,36,4.1
2025-12-11 18:00:20,727,21.0,35,4.1
2025-12-11 18:15:48,698,20.9,34,4.2
2025-12-11 18:31:16,680,20.8,35,4.1
2025-12-11 18:46:43,667,20.6,36,4.1
2025-12-11 19:02:11,672,20.5,36,4.1
2025-12-11 19:17:38,684,20.5,36,4.1
2025-12-11 19:33:05,675,20.4,36,4.1
2025-12-11 19:48:32,675,20.4,36,4.2
2025-12-11 20:03:59,700,20.3,37,4.1
2025-12-11 20:19:25,711,20.2,37,4.2
2025-12-11 20:34:51,696,20.0,36,4.1
2025-12-11 20:50:18,703,19.9,36,4.1
2025-12-11 21:05:44,680,19.8,36,4.1
2025-12-11 21:21:10,664,19.7,36,4.1
2025-12-11 21:36:36,670,19.7,36,4.1
2025-12-11 21:52:01,673,19.6,36,4.1
2025-12-11 22:07:27,667,19.5,36,4.1
2025-12-11 22:22:53,680,19.5,36,4.1
2025-12-11 22:38:18,679,19.4,36,4.1
2025-12-11 22:53:43,684,19.3,35,4.1
2025-12-11 23:09:08,674,19.3,36,4.1
2025-12-11 23:24:33,672,19.2,35,4.1
2025-12-11 23:39:58,668,19.2,35,4.1
2025-12-11 23:55:23,667,19.1,35,4.1
2025-12-12 00:10:47,667,19.1,35,4.1
2025-12-12 00:26:11,670,19.0,35,4.1
2025-12-12 00:41:36,661,19.0,35,4.1
2025-12-12 00:57:00,648,18.9,35,4.1
2025-12-12 01:12:24,639,18.9,35,4.1
2025-12-12 01:27:48,647,18.8,35,4.1
2025-12-12 01:43:13,640,18.8,35,4.1
2025-12-12 01:58:36,634,18.7,35,4.1
2025-12-12 02:14:00,640,18.7,35,4.1
2025-12-12 02:29:24,637,18.7,35,4.2
2025-12-12 02:44:48,634,18.6,35,4.2
2025-12-12 03:00:12,631,18.6,35,4.1
2025-12-12 03:15:36,621,18.5,35,4.1
2025-12-12 03:30:59,616,18.5,35,4.1
2025-12-12 03:46:23,622,18.4,35,4.1
2025-12-12 04:01:46,624,18.4,35,4.1
2025-12-12 04:17:09,622,18.4,35,4.1
2025-12-12 04:32:32,620,18.3,35,4.1
2025-12-12 04:47:55,623,18.3,35,4.1
2025-12-12 05:03:18,627,18.3,35,4.1
2025-12-12 05:18:42,610,18.3,35,4.1
2025-12-12 05:34:05,616,18.8,34,4.1
2025-12-12 05:49:29,625,19.2,33,4.1
2025-12-12 06:04:53,624,19.5,33,4.1
2025-12-12 06:20:18,634,19.6,33,4.1
2025-12-12 06:35:44,745,19.9,34,4.1
2025-12-12 06:51:09,791,19.8,35,4.1
2025-12-12 07:06:34,726,19.7,34,4.1
2025-12-12 07:22:00,695,19.6,34,4.1
2025-12-12 07:37:25,683,19.7,34,4.1
2025-12-12 07:52:50,681,19.7,34,4.1
2025-12-12 08:08:15,674,19.8,33,4.1
2025-12-12 08:23:40,660,19.8,34,4.1
2025-12-12 08:39:05,649,19.8,35,4.1
2025-12-12 08:54:29,653,19.8,35,4.1
2025-12-12 09:09:55,670,20.0,36,4.1
2025-12-12 09:25:21,742,20.1,37,4.1
2025-12-12 09:40:46,754,20.2,37,4.1
2025-12-12 09:56:12,721,20.5,38,4.1
2025-12-12 10:11:38,731,20.5,37,4.1
2025-12-12 10:27:05,739,20.6,38,4.1
2025-12-12 10:42:31,734,20.7,38,4.1
2025-12-12 10:57:58,715,20.8,38,4.1
2025-12-12 11:13:24,707,20.7,37,4.1
2025-12-12 11:28:51,678,20.8,38,4.1
2025-12-12 11:44:18,652,20.7,37,4.1
2025-12-12 11:59:45,621,20.7,37,4.1
2025-12-12 12:15:12,608,20.7,36,4.1
2025-12-12 12:30:38,607,20.5,34,4.1
2025-12-12 12:46:05,620,20.6,35,4.1
2025-12-12 13:01:32,627,20.6,35,4.1
2025-12-12 13:16:59,722,20.7,36,4.1
2025-12-12 13:32:25,789,20.6,36,4.1
2025-12-12 13:47:52,728,20.7,36,4.1
2025-12-12 14:03:19,748,20.7,36,4.1
2025-12-12 14:18:46,755,20.8,35,4.1
2025-12-12 14:34:13,753,20.8,35,4.1
2025-12-12 14:49:40,712,20.7,35,4.1
2025-12-12 15:05:06,721,20.7,35,4.1
2025-12-12 15:20:33,710,20.7,35,4.1
2025-12-12 15:36:00,763,20.7,35,4.1
2025-12-12 15:51:27,732,20.7,35,4.1
2025-12-12 16:06:54,724,20.6,36,4.1
2025-12-12 16:22:20,729,20.6,35,4.1
2025-12-12 16:37:47,732,21.0,36,4.1
2025-12-12 16:53:14,727,21.2,35,4.1
2025-12-12 17:08:42,760,21.4,35,4.1
2025-12-12 17:24:09,778,21.5,36,4.1
2025-12-12 17:39:37,857,21.5,36,4.1
2025-12-12 17:55:05,875,21.7,35,4.1
2025-12-12 18:10:33,866,21.8,36,4.1
2025-12-12 18:26:01,813,21.9,35,4.1
2025-12-12 18:41:29,865,22.0,34,4.1
2025-12-12 18:56:58,862,22.1,35,4.1
2025-12-12 19:12:26,866,21.8,36,4.1
2025-12-12 19:27:54,789,21.4,36,4.1
2025-12-12 19:43:22,798,21.2,35,4.1
2025-12-12 19:58:50,856,21.1,35,4.1
2025-12-12 20:14:17,781,21.0,35,4.1
2025-12-12 20:29:44,797,20.8,36,4.1
2025-12-12 20:45:11,757,20.7,36,4.1
2025-12-12 21:00:37,770,20.6,36,4.1
2025-12-12 21:16:04,752,20.5,35,4.1
2025-12-12 21:31:30,759,20.4,36,4.1
2025-12-12 21:46:57,755,20.3,35,4.1
2025-12-12 22:02:23,760,20.3,35,4.1
2025-12-12 22:17:49,756,20.2,35,4.1
2025-12-12 22:33:15,752,20.1,35,4.1
2025-12-12 22:48:40,745,20.1,35,4.1
2025-12-12 23:04:06,739,20.0,35,4.1
2025-12-12 23:19:31,741,20.0,35,4.1
2025-12-12 23:34:57,732,19.9,35,4.1
2025-12-12 23:50:22,733,19.9,35,4.1
2025-12-13 00:05:47,732,19.8,35,4.1
2025-12-13 00:21:13,726,19.8,35,4.1
2025-12-13 00:36:37,717,19.7,35,4.1
2025-12-13 00:52:02,721,19.7,35,4.1
2025-12-13 01:07:27,714,19.6,35,4.1
2025-12-13 01:22:52,718,19.6,35,4.1
2025-12-13 01:38:17,708,19.6,35,4.1
2025-12-13 01:53:41,694,19.5,35,4.1
2025-12-13 02:09:06,697,19.5,35,4.1
2025-12-13 02:24:31,696,19.4,35,4.1
2025-12-13 02:39:56,689,19.4,35,4.1
2025-12-13 02:55:20,688,19.3,35,4.1
2025-12-13 03:10:45,676,19.3,34,4.1
2025-12-13 03:26:09,677,19.2,35,4.1
2025-12-13 03:41:34,675,19.2,34,4.1
2025-12-13 03:56:58,677,19.2,34,4.1
2025-12-13 04:12:22,667,19.1,34,4.1
2025-12-13 04:27:47,669,19.0,34,4.1
2025-12-13 04:43:11,670,19.0,34,4.1
2025-12-13 04:58:35,660,19.0,34,4.1
2025-12-13 05:13:59,662,18.9,34,4.1
2025-12-13 05:29:23,657,18.9,34,4.1
2025-12-13 05:44:46,665,18.9,34,4.1
2025-12-13 06:00:10,659,18.8,33,4.1
2025-12-13 06:15:34,660,19.3,33,4.1
2025-12-13 06:30:59,652,19.6,32,4.1
2025-12-13 06:46:24,656,19.7,32,4.1
2025-12-13 07:01:49,654,19.8,32,4.1
2025-12-13 07:17:14,707,20.0,33,4.1
2025-12-13 07:32:40,684,20.0,32,4.1
2025-12-13 07:48:05,667,20.1,32,4.1
2025-12-13 08:03:31,707,20.3,32,4.1
2025-12-13 08:18:57,726,20.5,32,4.1
2025-12-13 08:34:23,737,20.6,32,4.1
2025-12-13 08:49:49,731,20.7,34,4.1
2025-12-13 09:05:16,806,21.0,35,4.1
2025-12-13 09:20:44,840,21.1,36,4.1
2025-12-13 09:36:11,837,21.1,35,4.1
2025-12-13 09:51:37,840,21.1,34,4.1
2025-12-13 10:07:05,849,21.1,34,4.1
2025-12-13 10:22:32,835,21.0,34,4.1
2025-12-13 10:37:59,824,20.8,33,4.1
2025-12-13 10:53:26,711,20.4,32,4.1
2025-12-13 11:08:52,715,20.5,32,4.1
2025-12-13 11:24:19,638,20.5,32,4.1
2025-12-13 11:39:45,591,20.5,32,4.1
2025-12-13 11:55:12,589,20.5,32,4.1
2025-12-13 12:10:38,567,20.5,31,4.1
2025-12-13 12:26:04,663,20.8,33,4.1
2025-12-13 12:41:32,657,21.0,34,4.1
2025-12-13 12:56:59,657,21.2,35,4.1
2025-12-13 13:12:26,687,21.4,39,4.1
2025-12-13 13:27:53,730,21.5,38,4.1
2025-12-13 13:43:21,720,21.5,37,4.1
2025-12-13 13:58:49,714,21.5,36,4.1
2025-12-13 14:14:17,757,21.5,36,4.1
2025-12-13 14:29:45,833,21.5,36,4.1
2025-12-13 14:45:12,790,21.5,36,4.1
2025-12-13 15:00:40,771,21.5,36,4.1
2025-12-13 15:16:07,779,21.5,36,4.1
2025-12-13 15:31:35,762,21.5,35,4.1
2025-12-13 15:47:03,783,21.5,36,4.1
2025-12-13 16:02:31,787,21.5,36,4.1
2025-12-13 16:17:59,794,21.5,36,4.1
2025-12-13 16:33:26,824,21.5,36,4.1
2025-12-13 16:48:55,890,21.6,37,4.1
2025-12-13 17:04:23,837,21.5,36,4.1
2025-12-13 17:19:51,828,21.5,36,4.1
2025-12-13 17:35:18,881,21.6,37,4.1
2025-12-13 17:50:46,884,21.6,37,4.1
2025-12-13 18:06:14,892,21.6,37,4.1
2025-12-13 18:21:42,877,21.5,38,4.1
2025-12-13 18:37:10,905,21.2,37,4.1
2025-12-13 18:52:38,891,21.1,38,4.1
2025-12-13 19:08:06,868,21.1,38,4.1
2025-12-13 19:23:33,876,21.1,38,4.1
2025-12-13 19:39:01,875,21.0,37,4.1
2025-12-13 19:54:28,887,21.3,37,4.1
2025-12-13 20:09:56,871,21.3,37,4.1
2025-12-13 20:25:24,885,21.1,37,4.1
2025-12-13 20:40:51,866,21.0,37,4.1
2025-12-13 20:56:18,870,20.8,37,4.1
2025-12-13 21:11:45,864,20.7,37,4.1
2025-12-13 21:27:12,858,20.6,36,4.1
2025-12-13 21:42:39,851,20.6,36,4.1
2025-12-13 21:58:06,838,20.5,36,4.1
2025-12-13 22:13:33,825,20.4,36,4.1
2025-12-13 22:28:59,828,20.4,36,4.1
2025-12-13 22:44:25,820,20.3,36,4.1
2025-12-13 22:59:52,805,20.3,36,4.1
2025-12-13 23:15:19,806,20.3,36,4.1
2025-12-13 23:30:45,799,20.2,36,4.1
2025-12-13 23:46:12,785,20.2,36,4.1
2025-12-14 00:01:38,775,20.2,36,4.1
2025-12-14 00:17:04,769,20.1,36,4.1
2025-12-14 00:32:31,763,20.1,36,4.1
2025-12-14 00:47:57,749,20.0,36,4.1
2025-12-14 01:03:23,744,20.0,36,4.1
2025-12-14 01:18:48,740,19.9,36,4.1
2025-12-14 01:34:14,739,19.9,36,4.1
2025-12-14 01:49:40,736,19.8,36,4.1
2025-12-14 02:05:06,731,19.8,36,4.2
2025-12-14 02:20:33,730,19.9,36,4.2
2025-12-14 02:36:01,721,19.9,36,4.2
2025-12-14 02:51:27,717,19.8,36,4.2
2025-12-14 03:06:52,713,19.8,36,4.2
2025-12-14 03:22:18,710,19.7,36,4.2
2025-12-14 03:37:44,702,19.6,36,4.2
2025-12-14 03:53:08,706,19.6,36,4.2
2025-12-14 04:08:33,698,19.6,36,4.2
2025-12-14 04:23:59,699,19.6,36,4.2
2025-12-14 04:39:24,705,19.5,36,4.2
2025-12-14 04:54:49,698,19.5,35,4.2
2025-12-14 05:10:14,702,19.5,35,4.2
2025-12-14 05:25:39,682,19.5,36,4.2
2025-12-14 05:41:03,690,19.4,36,4.2
2025-12-14 05:56:28,683,19.4,36,4.2
2025-12-14 06:11:53,674,19.7,34,4.2
2025-12-14 06:27:18,665,19.9,34,4.2
2025-12-14 06:42:43,666,20.1,34,4.2
2025-12-14 06:58:09,672,20.1,34,4.2
2025-12-14 07:13:35,669,20.2,34,4.2
2025-12-14 07:29:01,713,20.8,33,4.2
2025-12-14 07:44:27,708,21.1,32,4.2
2025-12-14 07:59:55,734,21.3,33,4.2
2025-12-14 08:15:22,706,21.5,32,4.2
2025-12-14 08:30:50,808,21.5,32,4.2
2025-12-14 08:46:18,825,21.6,33,4.2
2025-12-14 09:01:46,777,21.8,32,4.2
2025-12-14 09:17:13,788,21.8,33,4.2
2025-12-14 09:32:41,773,21.9,33,4.2
2025-12-14 09:48:09,851,21.9,36,4.2
2025-12-14 10:03:38,856,22.1,34,4.2
2025-12-14 10:19:06,854,22.2,33,4.2
2025-12-14 10:34:35,853,22.4,34,4.2
2025-12-14 10:50:04,830,22.5,34,4.2
2025-12-14 11:05:33,822,22.6,34,4.2
2025-12-14 11:21:03,796,22.7,34,4.2
2025-12-14 11:36:33,811,22.8,34,4.2
2025-12-14 11:52:03,796,22.9,35,4.2
2025-12-14 12:07:33,801,23.0,34,4.2
2025-12-14 12:23:03,922,23.0,36,4.2
2025-12-14 12:38:33,861,23.2,36,4.2
2025-12-14 12:54:04,953,23.2,36,4.2
2025-12-14 13:09:34,929,22.4,36,4.2
2025-12-14 13:25:03,885,21.9,36,4.2
2025-12-14 13:40:31,841,21.5,36,4.2
2025-12-14 13:55:59,817,21.2,36,4.2
2025-12-14 14:11:27,845,21.2,36,4.2
2025-12-14 14:26:55,845,21.1,36,4.2
2025-12-14 14:42:22,882,21.1,36,4.2
2025-12-14 14:57:50,897,21.5,36,4.2
2025-12-14 15:13:18,879,21.5,38,4.2
2025-12-14 15:28:46,871,21.6,37,4.2
2025-12-14 15:44:15,950,21.6,36,4.2
2025-12-14 15:59:42,817,21.6,35,4.2
2025-12-14 16:15:11,825,21.5,34,4.2
2025-12-14 16:30:39,817,21.6,34,4.2
2025-12-14 16:46:07,822,21.6,34,4.2
2025-12-14 17:01:35,843,21.7,35,4.2
2025-12-14 17:17:03,859,21.6,34,4.2
2025-12-14 17:32:32,917,21.7,35,4.2
2025-12-14 17:48:00,926,21.8,35,4.2
2025-12-14 18:03:29,944,21.8,35,4.2
2025-12-14 18:18:58,954,21.9,35,4.2
2025-12-14 18:34:27,958,22.0,36,4.2
2025-12-14 18:49:56,899,22.0,38,4.2
2025-12-14 19:05:25,932,21.6,39,4.2
2025-12-14 19:20:53,896,21.4,39,4.2
2025-12-14 19:36:22,921,21.3,39,4.2
2025-12-14 19:51:50,861,21.2,38,4.2
2025-12-14 20:07:18,856,21.1,38,4.2
2025-12-14 20:22:46,844,21.0,38,4.2
2025-12-14 20:38:13,805,20.8,37,4.2
2025-12-14 20:53:41,822,20.7,37,4.2
2025-12-14 21:09:08,782,20.6,36,4.2
2025-12-14 21:24:35,780,20.5,36,4.2
2025-12-14 21:40:02,744,20.5,36,4.2
2025-12-14 21:55:29,774,20.4,36,4.2
2025-12-14 22:10:56,759,20.3,36,4.2
2025-12-14 22:26:22,723,20.3,35,4.2
2025-12-14 22:41:49,721,20.2,34,4.2
2025-12-14 22:57:14,719,20.1,35,4.2
2025-12-14 23:12:41,721,20.1,34,4.2
2025-12-14 23:28:07,723,20.0,35,4.2
2025-12-14 23:43:32,717,19.9,35,4.2
2025-12-14 23:58:58,709,19.8,35,4.2
2025-12-15 00:14:23,709,19.8,35,4.2
2025-12-15 00:29:49,703,19.7,35,4.2
2025-12-15 00:45:14,704,19.6,34,4.2
2025-12-15 01:00:39,700,19.5,35,4.2
2025-12-15 01:16:04,692,19.5,35,4.2
2025-12-15 01:31:29,697,19.4,34,4.2
2025-12-15 01:46:53,685,19.3,34,4.2
2025-12-15 02:02:18,676,19.3,34,4.2
2025-12-15 02:17:43,676,19.2,34,4.2
2025-12-15 02:33:07,673,19.2,34,4.2
2025-12-15 02:48:31,668,19.1,34,4.2
2025-12-15 03:03:55,666,19.0,34,4.2
2025-12-15 03:19:19,664,19.0,34,4.2
2025-12-15 03:34:43,655,18.9,34,4.2
2025-12-15 03:50:06,659,18.9,34,4.2
2025-12-15 04:05:30,652,18.8,34,4.2
2025-12-15 04:20:53,644,18.8,34,4.2
2025-12-15 04:36:17,642,18.7,34,4.2
2025-12-15 04:51:40,634,18.7,34,4.2
2025-12-15 05:07:03,626,18.7,33,4.2
2025-12-15 05:22:26,613,18.6,33,4.2
2025-12-15 05:37:50,600,18.8,33,4.2
2025-12-15 05:53:13,606,19.0,32,4.2
2025-12-15 06:08:37,602,19.2,32,4.2
2025-12-15 06:24:01,610,19.3,32,4.2
2025-12-15 06:39:26,627,19.5,32,4.2
2025-12-15 06:54:51,743,20.1,32,4.2
2025-12-15 07:10:17,717,20.0,32,4.2
2025-12-15 07:25:42,683,19.8,32,4.2
2025-12-15 07:41:07,648,19.8,32,4.2
2025-12-15 07:56:33,618,19.8,32,4.2
2025-12-15 08:11:58,639,19.9,33,4.2
2025-12-15 08:27:24,631,19.8,33,4.2
2025-12-15 08:42:49,621,19.8,33,4.2
2025-12-15 08:58:14,602,19.8,31,4.2
2025-12-15 09:13:40,639,19.8,33,4.2
2025-12-15 09:29:05,644,19.8,32,4.2
2025-12-15 09:44:30,655,19.8,33,4.2
2025-12-15 09:59:56,656,19.8,32,4.2
2025-12-15 10:15:21,619,19.8,32,4.2
2025-12-15 10:30:46,635,19.9,32,4.2
2025-12-15 10:46:12,652,19.9,31,4.2
2025-12-15 11:01:37,702,19.9,33,4.2
2025-12-15 11:17:03,799,20.0,32,4.2
2025-12-15 11:32:28,816,20.0,33,4.2
